Date,Credit Note Number,Branch Name,Invoice Number,Applied Invoice Date,Amount
2020-06-17,CN-00001,Cochin,YS717,2020-06-17,42480.000
2020-06-26,CN-00003,Cochin,YS772,2020-06-26,1180.000
2020-06-30,CN-00005,Cochin,YS785,2020-06-30,2832.000
2020-07-01,CN-00006,Cochin,YS793,2020-07-01,19470.000
2020-07-30,CN-00007,Cochin,YS905,2020-07-30,12980.000
2020-08-04,CN-00004,Cochin,YS931,2020-08-04,64380.000
2020-08-04,CN-00007,Cochin,YS931,2020-08-04,10030.000
2020-08-04,CN-00008,Cochin,YS931,2020-08-04,115050.000
2020-08-04,CN-00004,Cochin,YS934,2020-08-04,4650.000
2020-09-04,CN-00012,Cochin,YS1059,2020-09-04,11505.000
2020-09-21,CN-00014,Cochin,YS1221,2020-09-19,188951.040
2020-09-29,CN-00015,Cochin,YS1234,2020-09-22,45312.000
2020-09-30,CN-00016,Cochin,YS1290,2020-09-30,56050.000
2020-10-01,CN-00016,Cochin,YS1310,2020-10-01,2950.000
2020-08-12,CN-00011,Cochin,YS934,2020-08-04,17700.000
2020-11-13,CN-00018,Cochin,YS1595,2020-11-13,22420.000
2020-11-19,CN-00020,Cochin,YS1624,2020-11-17,58905.600
2020-11-17,CN-00019,Cochin,YS1627,2020-11-17,5900.000
2020-12-04,CN-00021,Cochin,YS1763,2020-12-03,56522.000
2020-12-18,CN-00022,Cochin,YS1853,2020-12-18,11304.400
2020-12-18,CN-00022,Cochin,YS1696,2020-11-27,607.700
2020-12-18,CN-00022,Cochin,YS1670,2020-11-21,241.900
2021-03-29,CN-00037,Cochin,YS2421,2021-03-24,14160.000
2021-04-16,CN-00059,Cochin,YES/21-22/0080,2021-04-16,49383.000
2021-04-17,CN-00060,Cochin,YES/21-22/0081,2021-04-17,45725.000
2021-04-19,CN-00061,Cochin,YES/21-22/0082,2021-04-19,40238.000
2021-04-20,CN-00062,Cochin,YES/21-22/0083,2021-04-20,47554.000
2021-04-19,CN-00057,Cochin,YES/21-22/0085,2021-04-15,9440.000
2021-04-17,CN-00058,Cochin,YES/21-22/0085,2021-04-15,37170.000
2021-04-17,CN-00058,Cochin,YES/21-22/0086,2021-04-17,11564.000
2021-04-17,CN-00063,Cochin,YES/21-22/0086,2021-04-17,36462.000
2021-04-19,CN-00063,Cochin,YES/21-22/0087,2021-04-19,11328.000
2021-04-20,CN-00064,Cochin,YES/21-22/0087,2021-04-19,31860.000
2021-04-19,CN-00065,Cochin,YES/21-22/0087,2021-04-19,4602.000
2021-04-20,CN-00065,Cochin,YES/21-22/0088,2021-04-20,21063.000
2021-05-03,CN-00066,Cochin,YES/21-22/0182,2021-05-03,17110.000
2021-08-30,CN-00068,Cochin,YES/21-22/0986,2021-08-30,22892.000
2021-09-02,CN-00069,Cochin,YES/21-22/1026,2021-09-02,7552.000
2021-10-19,CN-00067,Cochin,YES/21-22/1358,2021-10-19,44840.000
2022-04-22,CN-00070,Cochin,YES/22-23/0154,2022-04-22,25370.000
2022-03-31,CN-00072,Cochin,YES/21-22/2553,2022-03-31,49342.000
2022-03-31,CN-00073,Cochin,YES/21-22/2552,2022-03-31,49342.000
2022-03-31,CN-00074,Cochin,YES/21-22/2549,2022-03-31,49342.000
2022-03-31,CN-00075,Cochin,YES/21-22/2535,2022-03-30,49046.000
2022-03-31,CN-00075,Cochin,YES/21-22/2543,2022-03-31,49638.000
2022-03-31,CN-00076,Cochin,YES/21-22/2555,2022-03-31,98684.000
2022-03-31,CN-00077,Cochin,YES/21-22/2551,2022-03-31,98684.000
2022-03-31,CN-00078,Cochin,YES/21-22/2556,2022-03-31,197368.000
2022-03-31,CN-00079,Cochin,YES/21-22/2548,2022-03-31,197368.000
2022-03-31,CN-00080,Cochin,YES/21-22/2562,2022-03-31,236842.000
2022-03-31,CN-00081,Cochin,YES/21-22/2559,2022-03-31,202500.000
2022-03-31,CN-00081,Cochin,YES/21-22/2560,2022-03-31,93553.000
2022-03-31,CN-00082,Cochin,YES/21-22/2561,2022-03-31,315789.000
2022-03-31,CN-00083,Cochin,YES/21-22/2550,2022-03-31,32484.000
2022-03-31,CN-00083,Cochin,YES/21-22/2554,2022-03-31,298108.000
2022-03-31,CN-00084,Cochin,YES/21-22/2542,2022-03-31,335526.000
2022-03-31,CN-00085,Cochin,YES/21-22/2536,2022-03-30,192000.000
2022-03-31,CN-00085,Cochin,YES/21-22/2545,2022-03-31,148461.000
2022-08-27,CN-00086,Cochin,YES/22-23/1091,2022-08-27,75000.000
2022-09-28,CN-00071,Head Office,YES/22-23/1324,2022-09-28,543.000
2022-10-07,CN-00087,Cochin,YES/22-23/1372,2022-10-07,3700.000
2022-11-19,CN-00089,Cochin,YES/22-23/1722,2022-11-18,44792.000
2022-10-17,CN-00088,Cochin,YES/22-23/1457,2022-10-17,30208.000
2022-12-21,CN-00090,Head Office,YES/22-23/1999,2022-12-21,10500.000
2023-05-22,CN-00091,Head Office,YES/23-24/0378,2023-05-22,360.000
2023-07-05,CN-00091,Head Office,YES/23-24/0785,2023-07-05,407.000
2023-09-27,CN-00092,Cochin,YES/23-24/1791,2023-09-27,51684.000
2023-10-19,CN-00093,Cochin,YES/23-24/2002,2023-10-17,3540.000
2023-10-21,CN-00095,Cochin,YES/23-24/2033,2023-10-19,15930.000
2023-10-21,CN-00096,Cochin,YES/23-24/2055,2023-10-20,39626.000
2023-10-21,CN-00097,Cochin,YES/23-24/2050,2023-10-20,8889.000
2023-10-19,CN-00098,Cochin,YES/23-24/2036,2023-10-19,28070.000
2023-10-24,CN-00099,Cochin,YES/23-24/2075,2023-10-21,13065.000
2023-10-21,CN-00100,Cochin,YES/23-24/2076,2023-10-21,3245.000
2023-10-26,CN-00101,Cochin,YES/23-24/2128,2023-10-26,58946.000
2023-10-25,CN-00102,Cochin,YES/23-24/2119,2023-10-25,12178.000
2023-10-25,CN-00103,Cochin,YES/23-24/2118,2023-10-25,44444.000
2023-10-28,CN-00104,Cochin,YES/23-24/2152,2023-10-28,57914.000
2023-11-04,CN-00105,Cochin,YES/23-24/2232,2023-11-04,21669.000
2023-11-08,CN-00106,Cochin,YES/23-24/2277,2023-11-08,42817.000
2023-11-07,CN-00107,Cochin,YES/23-24/2263,2023-11-07,74501.000
2023-11-06,CN-00108,Cochin,YES/23-24/2253,2023-11-06,11111.000
2023-11-15,CN-00109,Cochin,YES/23-24/2322,2023-11-15,72032.000
2023-11-18,CN-00110,Cochin,YES/23-24/2365,2023-11-18,65119.000
2023-11-23,CN-00111,Cochin,YES/23-24/2420,2023-11-23,29500.000
2023-12-02,CN-00112,Cochin,YES/23-24/2489,2023-12-01,22222.000
2023-12-05,CN-00114,Cochin,YES/23-24/2530,2023-12-05,13878.000
2023-12-12,CN-00115,Cochin,YES/23-24/2607,2023-12-11,11111.000
2023-12-19,CN-00116,Head Office,YES/23-24/2664,2023-12-15,1499.000
2023-12-15,CN-00113,Head Office,YES/23-24/2664,2023-12-15,360.000
2023-12-19,CN-00117,Cochin,YES/23-24/2705,2023-12-19,11111.000
2024-01-17,CN-00118,Head Office,YES/23-24/2855,2024-01-02,12036.000
2024-02-17,CN-00113,Head Office,YES/23-24/3411,2024-02-17,65.000
2024-02-24,CN-00120,Cochin,YES/23-24/3527,2024-02-24,31860.000
2024-03-05,CN-00121,Cochin,YES/23-24/3661,2024-03-05,11476.000
2024-03-02,CN-00122,Cochin,YES/23-24/3633,2024-03-02,18396.000
2024-03-04,CN-00123,Cochin,YES/23-24/3648,2024-03-04,9202.000
2024-03-07,CN-00124,Cochin,YES/23-24/3662,2024-03-05,11476.000
2024-03-06,CN-00125,Cochin,YES/23-24/3682,2024-03-06,166339.000
2024-03-04,CN-00126,Cochin,YES/23-24/3644,2024-03-04,41123.000
2024-03-04,CN-00127,Cochin,YES/23-24/3645,2024-03-04,14750.000
2024-03-04,CN-00128,Cochin,YES/23-24/3646,2024-03-04,42488.000
2024-03-06,CN-00129,Cochin,YES/23-24/3671,2024-03-06,30596.000
2024-03-06,CN-00130,Cochin,YES/23-24/3672,2024-03-06,20397.000
2024-03-06,CN-00131,Cochin,YES/23-24/3678,2024-03-06,118000.000
2024-03-09,CN-00132,Cochin,YES/23-24/3712,2024-03-09,35418.000
2024-03-11,CN-00133,Cochin,YES/23-24/3714,2024-03-09,11628.000
2024-03-11,CN-00134,Head Office,YES/23-24/3716,2024-03-09,15576.000
2024-03-12,CN-00135,Cochin,YES/23-24/3732,2024-03-11,20857.000
2024-03-11,CN-00136,Cochin,YES/23-24/3737,2024-03-11,20164.000
2024-03-12,CN-00137,Cochin,YES/23-24/3729,2024-03-11,19153.000
2024-03-12,CN-00137,Cochin,YES/23-24/3730,2024-03-11,519.000
2024-03-12,CN-00138,Cochin,YES/23-24/3745,2024-03-12,78689.000
2024-03-12,CN-00139,Cochin,YES/23-24/3746,2024-03-12,9202.000
2024-03-14,CN-00140,Cochin,YES/23-24/3775,2024-03-13,11795.000
2024-03-15,CN-00141,Cochin,YES/23-24/3805,2024-03-15,593.000
2024-03-15,CN-00142,Cochin,YES/23-24/3807,2024-03-15,19672.000
2024-03-16,CN-00143,Cochin,YES/23-24/3816,2024-03-16,125902.000
2024-03-18,CN-00144,Cochin,YES/23-24/3833,2024-03-18,85629.000
2024-03-20,CN-00145,Cochin,YES/23-24/3702,2024-03-08,12095.000
2024-03-23,CN-00146,Cochin,YES/23-24/3888,2024-03-23,3530.000
2024-03-26,CN-00147,Cochin,YES/23-24/3917,2024-03-26,637.000
2024-03-30,CN-00148,Cochin,YES/23-24/2366,2023-11-18,13500.000
2024-03-30,CN-00149,Cochin,YES/23-24/2364,2023-11-18,19440.000
2024-03-27,CN-00150,Cochin,YES/23-24/3931,2024-03-27,64874.000
2024-03-28,CN-00151,Cochin,YES/23-24/3953,2024-03-28,19672.000
2024-06-13,CN-00153,Cochin,YES/24-25/0737,2024-06-13,17110.000
2024-06-20,CN-00152,Head Office,YES/24-25/0805,2024-06-20,1888.000
2024-07-27,CN-00154,Cochin,YES/24-25/1229,2024-07-26,15738.000
2024-08-07,CN-00155,Cochin,YES/24-25/1345,2024-08-07,21240.000
2024-08-06,CN-00155,Cochin,YES/24-25/1329,2024-08-06,2478.000
2024-08-21,CN-00156,Cochin,YES/24-25/1454,2024-08-21,29500.000
2024-09-04,CN-00158,Cochin,YES/24-25/1579,2024-09-04,9086.000
2024-09-26,CN-00159,Cochin,YES/24-25/1759,2024-09-26,6490.000
2024-12-02,CN-00162,Cochin,YES/24-25/2355,2024-11-30,110920.000
2024-12-02,CN-00161,Cochin,YES/24-25/2365,2024-12-02,41595.000
2024-12-04,CN-00165,Head Office,YES/24-25/2384,2024-12-03,649.000
2024-12-04,CN-00164,Head Office,YES/24-25/2385,2024-12-03,472.000
2024-12-04,CN-00163,Head Office,YES/24-25/2391,2024-12-04,1121.000
2024-12-10,CN-00161,Cochin,YES/24-25/2458,2024-12-10,2640.000
2025-01-10,CN-00166,Head Office,YES/24-25/2761,2025-01-10,2124.000
2025-01-15,CN-00160,Cochin,YES/24-25/2833,2025-01-15,2242.000
2025-02-07,CN-00167,Cochin,YES/24-25/3048,2025-02-01,31392.000
2025-02-15,CN-00168,Cochin,YES/24-25/3139,2025-02-11,22347.000
2025-02-21,CN-00163,Head Office,YES/24-25/3234,2025-02-21,50.000
2025-02-27,CN-00169,Cochin,YES/24-25/3284,2025-02-27,24162.000
2025-03-01,CN-00170,Cochin,YES/24-25/3239,2025-02-22,11242.000
2025-02-28,CN-00169,Cochin,YES/24-25/3291,2025-02-28,612.000
2025-03-17,CN-00171,Cochin,YES/24-25/3462,2025-03-17,14824.000
2025-03-18,CN-00172,Cochin,YES/24-25/3471,2025-03-18,54830.000
2025-03-18,CN-00173,Cochin,YES/24-25/3472,2025-03-18,2295.000
2025-03-18,CN-00174,Cochin,YES/24-25/3469,2025-03-18,64015.000
2025-03-19,CN-00175,Cochin,YES/24-25/3476,2025-03-19,3764.000
2025-03-19,CN-00176,Cochin,YES/24-25/3458,2025-03-17,44571.000
2025-03-22,CN-00177,Cochin,YES/24-25/3506,2025-03-22,33907.000
2025-03-22,CN-00178,Cochin,YES/24-25/3507,2025-03-22,40205.000
2025-03-22,CN-00179,Cochin,YES/24-25/3509,2025-03-22,17580.000
2025-03-24,CN-00180,Cochin,YES/24-25/3536,2025-03-24,48734.000
2025-03-24,CN-00181,Cochin,YES/24-25/3541,2025-03-24,29810.000
2025-03-25,CN-00182,Cochin,YES/24-25/3563,2025-03-25,16129.000
2025-03-27,CN-00183,Cochin,YES/24-25/3597,2025-03-27,35282.000
2025-03-27,CN-00184,Cochin,YES/24-25/3596,2025-03-27,64516.000
2025-03-27,CN-00185,Cochin,YES/24-25/3591,2025-03-27,16129.000
2025-03-28,CN-00186,Cochin,YES/24-25/3605,2025-03-28,24638.000
2025-03-29,CN-00187,Cochin,YES/24-25/3631,2025-03-29,32331.000
2025-03-29,CN-00188,Cochin,YES/24-25/3629,2025-03-29,33178.000
2025-03-29,CN-00189,Cochin,YES/24-25/3627,2025-03-29,13675.000
2025-03-29,CN-00190,Cochin,YES/24-25/3628,2025-03-29,27151.000
2025-03-29,CN-00191,Cochin,YES/24-25/3633,2025-03-29,9324.000
2025-03-29,CN-00192,Cochin,YES/24-25/3636,2025-03-29,16129.000
2025-03-29,CN-00193,Cochin,YES/24-25/3635,2025-03-29,35941.000
2025-03-29,CN-00194,Cochin,YES/24-25/3638,2025-03-29,12903.000
2025-03-31,CN-00195,Cochin,YES/24-25/3644,2025-03-31,11449.000
2025-03-31,CN-00196,Cochin,YES/24-25/3647,2025-03-31,6927.000
2025-03-31,CN-00161,Cochin,YES/24-25/3644,2025-03-31,1.000
2025-04-04,CN-00197,Cochin,YES/25-26/0042,2025-04-04,28910.000
2025-04-10,CN-00198,Cochin,YES/25-26/0109,2025-04-10,2091.000
2025-04-30,CN-00161,Cochin,YES/25-26/0278,2025-04-30,9.000
2025-06-14,CN-00199,Cochin,YES/25-26/0654,2025-06-14,17682.000
2025-08-04,CN-00201,Cochin,YES/25-26/0943,2025-07-18,36610.000
2025-08-04,CN-00202,Cochin,YES/25-26/0915,2025-07-15,22727.000
2025-08-12,CN-00161,Cochin,YES/25-26/1160,2025-08-12,324.000
2025-08-20,CN-00198,Cochin,YES/25-26/1247,2025-08-20,33.000
2025-09-11,CN-00203,Head Office,YES/25-26/1464,2025-09-11,2407.000
2025-10-10,CN-00204,Cochin,YES/25-26/1712,2025-10-10,28840.000
2025-10-16,CN-00205,Cochin,YES/25-26/1768,2025-10-16,24426.000
2025-10-16,CN-00205,Cochin,YES/25-26/1764,2025-10-16,67154.000
2025-10-14,CN-00205,Cochin,YES/25-26/1735,2025-10-14,34035.000
2025-10-13,CN-00205,Cochin,YES/25-26/1727,2025-10-13,4033.000
2025-10-13,CN-00206,Cochin,YES/25-26/1725,2025-10-13,67064.000
2025-10-14,CN-00207,Cochin,YES/25-26/1738,2025-10-14,8863.000
2025-10-17,CN-00207,Cochin,YES/25-26/1784,2025-10-17,18314.000
2025-10-14,CN-00208,Cochin,YES/25-26/1733,2025-10-14,19412.000
2025-10-13,CN-00210,Cochin,YES/25-26/1728,2025-10-13,22185.000
2025-10-13,CN-00212,Cochin,YES/25-26/1726,2025-10-13,33962.000
2025-10-21,CN-00205,Cochin,YES/25-26/1803,2025-10-21,4284.000
2025-10-21,CN-00213,Cochin,YES/25-26/1805,2025-10-21,8491.000
2025-10-25,CN-00209,Cochin,YES/25-26/1857,2025-10-25,28377.000
2025-10-28,CN-00215,Cochin,YES/25-26/1885,2025-10-28,6792.000
2025-10-30,CN-00071,Head Office,YES/25-26/1916,2025-10-30,6.000
2025-10-31,CN-00209,Cochin,YES/25-26/1929,2025-10-31,464.000
2025-11-11,CN-00216,Cochin,YES/25-26/2049,2025-11-11,33594.740
2025-11-12,CN-00217,Cochin,YES/25-26/2067,2025-11-12,14824.000
2025-11-13,CN-00217,Cochin,YES/25-26/2079,2025-11-13,14856.000
2025-11-14,CN-00217,Cochin,YES/25-26/2084,2025-11-14,8968.000
2025-11-14,CN-00217,Cochin,YES/25-26/2093,2025-11-14,34202.000
2025-11-15,CN-00217,Cochin,YES/25-26/2111,2025-11-15,12940.000
2025-11-11,CN-00214,Cochin,YES/25-26/2036,2025-11-11,8491.000
2025-12-01,CN-00218,Cochin,YES/25-26/2248,2025-12-01,17110.000
2025-12-05,CN-00219,Cochin,YES/25-26/2302,2025-12-05,36816.000
2025-12-20,CN-00221,Cochin,YES/25-26/2463,2025-12-20,16992.000
2026-01-21,CN-00222,Head Office,YES/25-26/2735,2026-01-21,401.000
2026-02-28,CN-00223,Cochin,YES/25-26/3259,2026-02-28,17066.000
2026-02-28,CN-00223,Cochin,YES/25-26/3260,2026-02-28,1121.000
2026-03-02,CN-00163,Head Office,YES/25-26/3283,2026-03-02,9.000
2025-12-13,CN-00220,Head Office,YES/25-26/2340,2025-12-10,265.000
2026-03-17,CN-00224,Cochin,YES/25-26/3436,2026-03-17,106.000
2026-03-17,CN-00225,Cochin,YES/25-26/3436,2026-03-17,11210.000
2026-03-21,CN-00218,Cochin,YES/25-26/3477,2026-03-21,215.000
2026-04-06,CN-00216,Cochin,YES/26-27/0037,2026-04-06,0.260
2026-04-13,CN-00228,Cochin,YES/26-27/0095,2026-04-11,8260.000
2026-04-13,CN-00226,Cochin,YES/26-27/0108,2026-04-13,319.000
2026-04-13,CN-00227,Cochin,YES/26-27/0108,2026-04-13,318.000
2026-04-21,CN-00229,Head Office,YES/26-27/0216,2026-04-21,159.000
2026-04-25,CN-00230,Cochin,YES/26-27/0149,2026-04-16,64428.000
2026-04-25,CN-00231,Cochin,YES/26-27/0146,2026-04-16,59472.000
2026-05-27,CN-00218,Cochin,YES/26-27/0643,2026-05-27,21.000
2026-05-27,CN-00203,Head Office,YES/26-27/0634,2026-05-27,307.000
2026-06-02,CN-00232,Cochin,YES/26-27/0695,2026-06-02,29176.000
2026-06-06,CN-00233,Head Office,YES/26-27/0753,2026-06-06,590.000
2026-06-27,CN-00234,Cochin,YES/26-27/1022,2026-06-25,1156.000
2026-07-06,CN-00235,Head Office,YES/26-27/1164,2026-07-06,2336.000
2026-07-21,CN-00238,Cochin,YES/26-27/1356,2026-07-21,51129.000
2026-07-23,CN-00239,Cochin,YES/26-27/1384,2026-07-23,14160.000
2026-07-23,CN-00240,Cochin,YES/26-27/1385,2026-07-23,5015.000
2026-07-24,CN-00223,Cochin,YES/26-27/1407,2026-07-24,103.000
2026-07-24,CN-00237,Cochin,YES/26-27/1407,2026-07-24,13570.000
2026-07-24,CN-00241,Cochin,YES/26-27/1416,2026-07-24,17464.000
