Product ID,Product Name,Usage unit,Description,Product Type,AttributeName1,AttributeName2,AttributeName3,Manufacturer,Brand,Is Returnable Item,Is Receivable Service,Category Name,Variant Type,Variant Name,Variant Description,Selling Price,MRP,SKU,Purchase Price,Purchase Description,AttributeOption1,AttributeOption2,AttributeOption3,Opening Stock,Opening Stock Value,Inventory Valuation Method,HSN/SAC,Is Tax Calculated on Label Price,UPC,EAN,ISBN,Part Number,Reorder Level,Package weight,Package width,Package height,Package length,Dimension Unit,Weight Unit,Taxable,Exemption Reason,Taxability Type,Intra State Tax Name,Intra State Tax Rate,Intra State Tax Type,Inter State Tax Name,Inter State Tax Rate,Inter State Tax Type,Item.CF.No of pcs in Master carton
99381000000540011,TABLE TOP SCALE PC (GREEN-AY),no,,goods,,,,,,true,,WEIGHING SCALE IMPORT,Inventory,ATM PC AD Red,"Max: 20kg  Min : 40g e : 2g Class III
Display : Red",INR 1550.00,INR 3875.00,ATM30RAD,INR 1115.00,"Max: 20kg  Min : 40g e : 2g Class III
Display : Red",,,,0.00,INR 0.00,fifo,84238190,FALSE,,,,,,0.000000,0.000000,0.000000,0.000000,cm,kg,true,,,GST18,18.000000,Group,IGST18,18.000000,Simple,
99381000000540072,Density Balance X600-2CM (610g/0.01g),no,,goods,,,,,,true,,ANALYTICAL SCALES,Inventory,Density Balance X600-2CM (610g/0.01g),"Max : 610g, Min : 200mg e: 10mg d: 10mg Class : II",INR 14000.00,INR 26000.00,YSJ612CM,INR 10355.00,"Max : 610g, Min : 200mg e: 10mg d: 10mg Class : II",,,,0.00,INR 0.00,fifo,84238190,FALSE,,,,,,0.000000,0.000000,0.000000,0.000000,cm,kg,true,,,GST18,18.000000,Group,IGST18,18.000000,Simple,
99381000018459638,Bench Green Keypad,nos,,goods,,,,,,false,,Inactive,Inventory,Bench Green Keypad,,INR 130.00,INR 325.00,BGC205,INR 75.00,,,,,0.00,INR 0.00,fifo,84239020,FALSE,,,,,,0.000000,0.000000,0.000000,0.000000,,,true,,,GST18,18.000000,Group,IGST18,18.000000,Simple,
99381000018459651,"ANDROID POS TERMINAL 15.6"" (WH)",nos,,goods,,,,,,true,,TOUCH POS SYSTEMS,Inventory,"POS TERMINAL 15.6"" Android","RK3566/2GB/32GB DDR3 15.6"" FRONT DISPLAY CAPACITIVE TP ADROID 11 COLOUR -WHITE",INR 21600.00,INR 32000.00,156A,INR 18000.00,"RK3566/2GB/32GB DDR3 15.6"" FRONT DISPLAY CAPACITIVE TP ADROID 11 COLOUR -WHITE",,,,0.00,INR 0.00,fifo,84705010,FALSE,,,,,,0.000000,0.000000,0.000000,0.000000,cm,kg,true,,,GST18,18.000000,Group,IGST18,18.000000,Simple,
99381000018505237,B3P WEIGHING INDICATOR,nos,,goods,,,,,,true,,WEIGHING INDICATORS,Inventory,B3P WEIGHING INDICATOR,,INR 5000.00,INR 9000.00,B3PIND,INR 4000.00,,,,,0.00,INR 0.00,fifo,84231000,FALSE,,,,,,0.000000,0.000000,0.000000,0.000000,cm,kg,true,,,GST18,18.000000,Group,IGST18,18.000000,Simple,
99381000018506611,PLATFORM SCALE -BENCH (G-QZ1),nos,,goods,,,,,,false,,INDUSTRIAL SCALES,Inventory,PALLET SCALE,Capacity : 2.5T/0.5kg,INR 25500.00,INR 49000.00,PSC,INR 17172.00,Capacity : 2.5T/0.5kg,,,,0.00,INR 0.00,fifo,84238190,FALSE,,,,,,90.000000,70.000000,58.000000,133.000000,cm,kg,true,,,GST18,18.000000,Group,IGST18,18.000000,Simple,1
99381000018506640,CURRENCY COUNTING MACHINE (AL800),nos,,goods,,,,,,true,,CURRENCY COUNTING MACHINES,Inventory,CURRENCY COUNTING MACHINE (AL800),,INR 3600.00,INR 9000.00,AL80,INR 2877.00,,,,,0.00,INR 0.00,fifo,84729090,FALSE,,,,,,0.000000,0.000000,0.000000,0.000000,cm,kg,true,,,GST18,18.000000,Group,IGST18,18.000000,Simple,
99381000024227715,"DESKTOP PRINETR BT/USB/RJ11 3"" (RECEIPT/LABEL) XP-H500B",nos,,goods,,,,,,true,,PRINTERS & SCANNERS,Inventory,"DESKTOP PRINETR BT/USB/RJ11 3"" (RECEIPT/LABEL) XP-H500B","127mm/s high print speed, 82mm diameter paper roll, Imported ROHM print head",INR 5200.00,INR 13000.00,XPDBP3RL,INR 4300.00,"127mm/s high print speed, 82mm diameter paper roll, Imported ROHM print head",,,,0.00,INR 0.00,fifo,84433290,FALSE,,,,,,0.000000,0.000000,0.000000,0.000000,cm,kg,true,,,GST18,18.000000,Group,IGST18,18.000000,Simple,
99381000030741137,ECONOMIC BENCH MS,nos,"Size : 30*34 Max: 50kg e: 5g
Dual display, LED RED display,Foldable platform",goods,,,,,,false,,WEIGHING SCALE IMPORT,Inventory,Bench Scale Black  MS,"Size : 30*34 Max: 50kg e: 5g
Dual display, LED RED display,Foldable platform",INR 1950.00,INR 3900.00,BY5039,INR 1508.00,"Size : 30*34 Max: 50kg e: 5g
Dual display, LED RED display,Foldable platform",,,,0.00,INR 0.00,fifo,84238290,FALSE,,,,,,22.000000,40.000000,36.000000,71.000000,cm,kg,true,,,GST18,18.000000,Group,IGST18,18.000000,Simple,4
99381000030741152,KITCHEN SCALE 10Kg,nos,Make : YES WEIGH Max: 10kg  Min : 20g e :1g Class III,goods,,,,,,true,,WEIGHING SCALE IMPORT,Inventory,Weighing  Scale 10Kg,Make : YES WEIGH Max: 10kg  Min : 20g e :1g Class III,INR 700.00,INR 2000.00,KS10BAY,INR 490.00,Make : YES WEIGH Max: 10kg  Min : 20g e :1g Class III,,,,0.00,INR 0.00,fifo,84238190,FALSE,,,,,,0.000000,0.000000,0.000000,0.000000,cm,kg,true,,,GST18,18.000000,Group,IGST18,18.000000,Simple,
99381000030741167,KITCHEN SCALE 5Kg,nos,"Make : YES WEIGH Max: 5kg  Min : 10g e : 0.5g Class III
",goods,,,,,,true,,WEIGHING SCALE IMPORT,Inventory,Weighing Scale 5Kg,"Make : YES WEIGH Max: 5kg  Min : 10g e : 0.5g Class III
",INR 700.00,INR 2000.00,KS05BAY,INR 490.00,Make : YES WEIGH Max: 5kg  Min : 10g e : 0.5g Class III,,,,0.00,INR 0.00,fifo,84238190,FALSE,,,,,,0.000000,0.000000,0.000000,0.000000,cm,kg,true,,,GST18,18.000000,Group,IGST18,18.000000,Simple,
99381000030741184,PLATFORM SCALE -BENCH (DUAL-AD3),nos,Max:50kg e:5g Min:100g Class:III Display : Dual,goods,,,,,,true,,WEIGHING SCALE IMPORT,Inventory,Bench Scale AD F Dual,Max:50kg e:5g Min:100g Class:III Display : Dual,INR 1950.00,INR 4950.00,BPCADF,INR 1600.00, Max:50kg e:5g Min:100g Class:III Display : Dual,,,,0.00,INR 0.00,fifo,84238290,FALSE,,,,,,0.000000,0.000000,0.000000,0.000000,cm,kg,true,,,GST18,18.000000,Group,IGST18,18.000000,Simple,
99381000030741199,PLATFORM SCALE -BENCH (FG-AD1),nos,Max:50kg e:5g Min:100g Class:III Display : Green,goods,,,,,,true,,WEIGHING SCALE IMPORT,Inventory,Bench Scale AD F,Max:50kg e:5g Min:100g Class:III Display : Green,INR 1950.00,INR 6300.00,BPCGADF,INR 1728.00, Max:50kg e:5g Min:100g Class:III Display : Green,,,,0.00,INR 0.00,fifo,84238290,FALSE,,,,,,0.000000,0.000000,0.000000,0.000000,cm,kg,true,,,GST18,18.000000,Group,IGST18,18.000000,Simple,
99381000030741214,PLATFORM SCALE -BENCH (G-QZ1),nos,Max:50kg e:5g Min:100g Class:III Display : Green,goods,,,,,,true,,WEIGHING SCALE IMPORT,Inventory,BENCH Scale Qz1,Max:50kg e:5g Min:100g Class:III Display : Green,INR 2200.00,INR 5500.00,BPCQZ1,INR 1693.00, Max:50kg e:5g Min:100g Class:III Display : Green,,,,0.00,INR 0.00,fifo,84238290,FALSE,,,,,,0.000000,0.000000,0.000000,0.000000,cm,kg,true,,,GST18,18.000000,Group,IGST18,18.000000,Simple,
99381000030741229,PLATFORM SCALE -BENCH (G-QZ2),nos,Make : YESWEIGH Max:50kg e:5g Min:100g Class:III Display : Green,goods,,,,,,true,,WEIGHING SCALE IMPORT,Inventory,BENCH Scale  Qz2,Make : YESWEIGH Max:50kg e:5g Min:100g Class:III Display : Green,INR 2200.00,INR 5500.00,BPCQZ2,INR 1670.00, Max:50kg e:5g Min:100g Class:III Display : Green,,,,0.00,INR 0.00,fifo,84238290,FALSE,,,,,,0.000000,0.000000,0.000000,0.000000,cm,kg,true,,,GST18,18.000000,Group,IGST18,18.000000,Simple,
99381000030741244,PLATFORM SCALE -BENCH (GG-AD1),nos,Max:50kg e:5g Min:100g Class:III Display : Green,goods,,,,,,true,,WEIGHING SCALE IMPORT,Inventory,Bench Scale AD G,Max:50kg e:5g Min:100g Class:III Display : Green,INR 1950.00,INR 6300.00,BPCADG,INR 1728.00, Max:50kg e:5g Min:100g Class:III Display : Green,,,,0.00,INR 0.00,fifo,84238290,FALSE,,,,,,0.000000,0.000000,0.000000,0.000000,cm,kg,true,,,GST18,18.000000,Group,IGST18,18.000000,Simple,
99381000030741259,PLATFORM SCALE 500X550-SS,nos,"Make : YESWEIGH Model:YSP PC
Max:300 kg e: 50gm Min:1kg Class III
Full SS,Green Display,Pan size : 500x500 mm 3pin CPU power cable, Loadcell protection cover",goods,,,,,,false,,WEIGHING SCALE IMPORT,Inventory,Platform Scale 50x55,"Make : YESWEIGH Model:YSP PC
Max:300 kg e: 50gm Min:1kg Class III
Full SS,Green Display,Pan size : 500x500 mm 3pin CPU power cable, Loadcell protection cover",INR 4700.00,INR 8000.00,PF5055,INR 3754.00,"Make : YESWEIGH Model:YSP PC
Max:300 kg e: 50gm Min:1kg Class III
Full SS,Green Display,Pan size : 500x500 mm 3pin CPU power cable, Loadcell protection cover",,,,0.00,INR 0.00,fifo,84238190,FALSE,,,,,,0.000000,0.000000,0.000000,0.000000,cm,kg,true,,,GST18,18.000000,Group,IGST18,18.000000,Simple,
99381000030741341,Platform Scale Full SS -50AD,nos,Capacity :50kg/5g Dual display(LED) Size 30*34 Full SS,goods,,,,,,false,,WEIGHING SCALE IMPORT,Inventory,Bench Scale SS AD,Capacity :50kg/5g Dual display(LED) Size 30*34 Full SS,INR 3800.00,INR 6500.00,BPCFSS,INR 3147.00,Capacity :50kg/5g Dual display(LED) Size 30*34 Full SS,,,,0.00,INR 0.00,fifo,84238290,FALSE,,,,,,22.000000,60.000000,36.000000,62.000000,cm,kg,true,,,GST18,18.000000,Group,IGST18,18.000000,Simple,4
99381000030741356,Platform Weighing Scale 400x500 (G-QZ-FSS),nos,"Make:YESWEIGH Model : YSP PC
Max : 200kg  e: 20g Min :400gm
Class: III,FULL SS",goods,,,,,,false,,WEIGHING SCALE IMPORT,Inventory,Platform 40x50 SS,"Make:YESWEIGH Model : YSP PC
Max : 200kg  e: 20g Min :400gm
Class: III,FULL SS",INR 6000.00,INR 10000.00,PF45QZ,INR 4478.00,"Make:YESWEIGH Model : YSP PC
Max : 200kg  e: 20g Min :400gm
Class: III",,,,0.00,INR 0.00,fifo,84238290,FALSE,,,,,,13.000000,40.000000,15.000000,70.000000,cm,kg,true,,,GST18,18.000000,Group,IGST18,18.000000,Simple,1
99381000030741371,Platform Weighing Scale 400x500 MS Chq. (AD),nos,"Make : YESWEIGH Model:YSP-100
Max:300 kg e: 50gm Min:1kg Class III",goods,,,,,,false,,WEIGHING SCALE IMPORT,Inventory,Platform Scale 40x50 AD,"Make : YESWEIGH Model:YSP-100
Max:300 kg e: 50gm Min:1kg Class III",INR 3400.00,INR 7500.00,PF4050AD,INR 2556.00,"Make : YESWEIGH Model:YSP-100
Max:300 kg e: 50gm Min:1kg Class III",,,,0.00,INR 0.00,fifo,84238290,FALSE,,,,,,13.000000,41.000000,18.000000,68.000000,cm,kg,true,,,GST18,18.000000,Group,IGST18,18.000000,Simple,1
99381000030741386,Platform Weighing Scale 450x600 SS,nos,"Make : YESWEIGH Model: YSP-5  
Max: 300 kg e: 50gm Min:1kg Class III",goods,,,,,,false,,WEIGHING SCALE IMPORT,Inventory,Platform Weighing Scale 450x600 SS,"Make : YESWEIGH Model: YSP-5  
Max: 300 kg e: 50gm Min:1kg Class III",INR 5500.00,INR 12500.00,PF4560,INR 4360.00,,,,,0.00,INR 0.00,fifo,84231000,FALSE,,,,,,20.000000,45.000000,30.000000,92.000000,cm,kg,true,,,GST18,18.000000,Group,IGST18,18.000000,Simple,1
99381000030741401,Platform Weighing Scale 450x600 MS Chq (AD),nos,"Make : YESWEIGH Model:YSP-100
Max:300 kg e: 50gm Min:1kg Class III",goods,,,,,,false,,WEIGHING SCALE IMPORT,Inventory,Platform Scale 45x60,"Make : YESWEIGH Model:YSP-100
Max:300 kg e: 50gm Min:1kg Class III",INR 4100.00,INR 9000.00,PF4560AD,INR 3011.00,"Make : YESWEIGH Model:YSP-100
Max:300 kg e: 50gm Min:1kg Class III",,,,0.00,INR 0.00,fifo,84238290,FALSE,,,,,,13.000000,41.000000,18.000000,68.000000,cm,kg,true,,,GST18,18.000000,Group,IGST18,18.000000,Simple,1
99381000030741428,Platform Weighing Scale 500x600 MS (Trolley),nos,"Make : YESWEIGH Model: YSP PC
Max: 300 kg e: 50g Min:1kg Class III",goods,,,,,,true,,WEIGHING SCALE IMPORT,Inventory,Platform  Scale 50x60(Trolley),"Make : YESWEIGH Model: YSP PC
Max: 300 kg e: 50g Min:1kg Class III",INR 8200.00,INR 14000.00,PF56TR,INR 5727.00,"Make : YESWEIGH Model: YSP PC
Max: 300 kg e: 50g Min:1kg Class III",,,,0.00,INR 0.00,fifo,84238290,FALSE,,,,,,0.000000,0.000000,0.000000,0.000000,cm,kg,true,,,GST18,18.000000,Group,IGST18,18.000000,Simple,
99381000030741443,Platform Weighing Scale 600x600 MS,nos,"Make : YESWEIGH Model:YSP-5
Max:500 kg e: 50gm Min:1kg Class III",goods,,,,,,false,,WEIGHING SCALE IMPORT,Inventory,Platform Scale 60x60,"Make : YESWEIGH Model:YSP-5
Max:500 kg e: 50gm Min:1kg Class III",INR 4900.00,INR 11000.00,PF60MS,INR 4017.00,,,,,0.00,INR 0.00,fifo,84231000,FALSE,,,,,,27.000000,61.000000,23.000000,92.000000,cm,kg,true,,,GST18,18.000000,Group,IGST18,18.000000,Simple,1
99381000030741458,Platform Weighing Scale-Normal Indicator,nos,"Make:YESWEIGH Model : YSP PC
Max : 100kg  e: 10g Min :200gm
Class: III",goods,,,,,,false,,WEIGHING SCALE IMPORT,Inventory,Platform Scale 40x50,"Make:YESWEIGH Model : YSP PC
Max : 100kg  e: 10g Min :200gm
Class: III",INR 6700.00,INR 13000.00,PF4050SS,INR 5150.00,"Make:YESWEIGH Model : YSP PC
Max : 100kg  e: 10g Min :200gm
Class: III",,,,0.00,INR 0.00,fifo,84238290,FALSE,,,,,,13.000000,40.000000,15.000000,70.000000,cm,kg,true,,,GST18,18.000000,Group,IGST18,18.000000,Simple,1
99381000030741473,PORTABLE SCALE 400X400 SS Cheq.,nos,"400x400 mm Portable scale 300Kg /50g, LED green double display ,SS Cheq",goods,,,,,,false,,WEIGHING SCALE IMPORT,Inventory,PORTABLE SCALE 40x40,"400x400 mm Portable scale 300Kg /50g, LED green double display ,SS Cheq",INR 3100.00,INR 7500.00,PRT40O,INR 2451.00,"400x400 mm Portable scale 300Kg /50g, LED green double display ,SS Cheq",,,,0.00,INR 0.00,fifo,84238290,FALSE,,,,,,17.000000,39.000000,26.000000,73.000000,cm,kg,true,,,GST18,18.000000,Group,IGST18,18.000000,Simple,4
99381000030741488,PORTABLE SCALE 50x50 (300kg) SS,nos,"Make : YESWEIGH Model : YSC PC
Max : 300kg e:50g Min:1kg
Class : III Size : 500x500 mm Display :F & B Red ",goods,,,,,,false,,WEIGHING SCALE IMPORT,Inventory,PORTABLE SCALE 50x50,"Make : YESWEIGH Model : YSC PC
Max : 300kg e:50g Min:1kg
Class : III Size : 500x500 mm Display :F & B Red ",INR 4200.00,INR 9000.00,PS50SS,INR 3381.00,"Make : YESWEIGH Model : YSC PC
Max : 300kg e:50g Min:1kg
Class : III Size : 500x500 mm Display :F & B Red ",,,,0.00,INR 0.00,fifo,84238190,FALSE,,,,,,0.000000,0.000000,0.000000,0.000000,cm,kg,true,,,GST18,18.000000,Group,IGST18,18.000000,Simple,
99381000030741503,PORTABLE SCALE 50x50 (300kg) MS,nos,"Make : YESWEIGH Model : YSC PC
Max : 300kg e:50g Min:1kg
Class : III Size : 500x500 mm Display :F & B Red 2pin Adaptor",goods,,,,,,false,,WEIGHING SCALE IMPORT,Inventory,PORTABLE SCALE 50x50 CHQ,"Make : YESWEIGH Model : YSC PC
Max : 300kg e:50g Min:1kg
Class : III Size : 500x500 mm Display :F & B Red 2pin Adaptor",INR 4200.00,INR 9000.00,PS50MS,INR 3381.00,"Make : YESWEIGH Model : YSC PC
Max : 300kg e:50g Min:1kg
Class : III Size : 500x500 mm Display :F & B Red 2pin Adaptor",,,,0.00,INR 0.00,fifo,84238190,FALSE,,,,,,0.000000,0.000000,0.000000,0.000000,cm,kg,true,,,GST18,18.000000,Group,IGST18,18.000000,Simple,
99381000030741518,Price Computing scale -W,nos,"Make: YESWEIGH Model: YSP 30
Max:30kg e:5g Min:100g Class:III",goods,,,,,,false,,WEIGHING SCALE IMPORT,Inventory,Water proof scale AD,"Make: YESWEIGH Model: YSP 30
Max:30kg e:5g Min:100g Class:III",INR 2300.00,INR 6900.00,DY798,INR 1727.00,"Make: YESWEIGH Model: YSP 30
Max:20kg e:2g Min:40g Class:III",,,,0.00,INR 0.00,fifo,84238290,FALSE,,,,,,19.000000,38.000000,39.000000,70.000000,cm,kg,true,,,GST18,18.000000,Group,IGST18,18.000000,Simple,5
99381000030741533,PRICE COMPUTING SCALE (DUAL-AD-ECONOMY),nos,"Max: 30kg Min : 100g e : 5g Class III
Display : Red& Green",goods,,,,,,true,,WEIGHING SCALE IMPORT,Inventory,ATM PC AD dual,"Max: 30kg Min : 100g e : 5g Class III
Display : Red& Green",INR 1700.00,INR 5200.00,ATMADG,INR 1229.00,"Max: 30kg Min : 100g e : 5g Class III
Display : Red & Green",,,,0.00,INR 0.00,fifo,84238190,FALSE,,,,,,0.000000,0.000000,0.000000,0.000000,cm,kg,true,,,GST18,18.000000,Group,IGST18,18.000000,Simple,
99381000030741548,PRICE COMPUTING SCALE FSS(DQZ),nos,"Make: YESWEIGH Model: YSP 30
Max:30kg e:5g Min:100g Class:III",goods,,,,,,true,,WEIGHING SCALE IMPORT,Inventory,ATM PC SS,"Make: YESWEIGH Model: YSP 30
Max:30kg e:5g Min:100g Class:III",INR 2750.00,INR 5500.00,ATMFSS,INR 2219.00,"Make: YESWEIGH Model: YSP 30
Max:30kg e:5g Min:100g Class:III",,,,0.00,INR 0.00,fifo,84238190,FALSE,,,,,,0.000000,0.000000,0.000000,0.000000,cm,kg,true,,,GST18,18.000000,Group,IGST18,18.000000,Simple,
99381000030741563,ATM PC Pole,nos,"Make :YESWEIGH Model: YSP -30 
 Max :30kg e :5g
Display :Green",goods,,,,,,false,,WEIGHING SCALE IMPORT,Inventory,ATM PC Pole,"Make :YESWEIGH Model: YSP -30 
 Max :30kg e :5g
Display :Green",INR 2150.00,INR 4700.00,APCPQ,INR 1595.00,"Make :YESWEIGH Model: YSP -30 Model approval No: IND/09/20/23
 Max :30kg e :5g
Display :Green",,,,0.00,INR 0.00,fifo,84231000,FALSE,,,,,,0.000000,0.000000,0.000000,0.000000,cm,kg,true,,,GST18,18.000000,Group,IGST18,18.000000,Simple,
99381000030741652,ATM PC AD,nos,"Max: 20kg  Min : 40g e : 2g Class III
Display : Green",goods,,,,,,true,,WEIGHING SCALE IMPORT,Inventory,ATM PC AD,"Max: 20kg  Min : 40g e : 2g Class III
Display : Green",INR 1900.00,INR 4500.00,ATM20GAD,INR 1650.00,"Max: 20kg  Min : 40g e : 2g Class III
Display : Green",,,,0.00,INR 0.00,fifo,84238190,FALSE,,,,,,0.000000,0.000000,0.000000,0.000000,cm,kg,true,,,GST18,18.000000,Group,IGST18,18.000000,Simple,
99381000030741667,TABLE TOP SCALE PC (GREEN-AD) -EC,nos,"Max: 20kg  Min : 40g e : 2g Class III
Display : Green",goods,,,,,,true,,WEIGHING SCALE IMPORT,Inventory,ATM PC AD EC,"Max: 20kg  Min : 40g e : 2g Class III
Display : Green",INR 1550.00,INR 4000.00,AD619,INR 1100.00,"Max: 20kg  Min : 40g e : 2g Class III
Display : Green",,,,0.00,INR 0.00,fifo,84238190,FALSE,,,,,,0.000000,0.000000,0.000000,0.000000,cm,kg,true,,,GST18,18.000000,Group,IGST18,18.000000,Simple,
99381000030741750,SPOS KEY -PRO TO ELITE,nos,,goods,,,,,,true,,SOFTWARE KEYS,Inventory,SPOS KEY -PRO TO ELITE,,INR 1500.00,INR 1500.00,SPOSPROELITE,INR 1500.00,,,,,0.00,INR 0.00,fifo,85238020,FALSE,,,,,,0.000000,0.000000,0.000000,0.000000,cm,kg,true,,,GST18,18.000000,Group,IGST18,18.000000,Simple,
99381000030741861,SPOS KEY -LITE TO PRO,nos,,goods,,,,,,true,,SOFTWARE KEYS,Inventory,SPOS KEY -LITE TO PRO,,INR 1000.00,INR 1000.00,SPOSLITEPRO,INR 1000.00,,,,,0.00,INR 0.00,fifo,85238020,FALSE,,,,,,0.000000,0.000000,0.000000,0.000000,cm,kg,true,,,GST18,18.000000,Group,IGST18,18.000000,Simple,
99381000030741876,Multi shop Cloud,nos,,goods,,,,,,true,,SOFTWARE KEYS,Inventory,Multi shop Cloud,,INR 1250.00,INR 1500.00,SPOSMULTISHOP,INR 849.00,,,,,0.00,INR 0.00,fifo,85238020,FALSE,,,,,,0.000000,0.000000,0.000000,0.000000,cm,kg,true,,,GST18,18.000000,Group,IGST18,18.000000,Simple,
99381000030741891,SPOS ADDITIONAL TERMINAL,nos,,goods,,,,,,true,,SOFTWARE KEYS,Inventory,SPOS ADDITIONAL TERMINAL,,INR 1200.00,INR 1500.00,POSTERY,INR 849.00,,,,,0.00,INR 0.00,fifo,85238020,FALSE,,,,,,0.000000,0.000000,0.000000,0.000000,cm,kg,true,,,GST18,18.000000,Group,IGST18,18.000000,Simple,
99381000030741906,SPOS Bluetooth scale support,nos,,goods,,,,,,true,,SOFTWARE KEYS,Inventory,SPOS Bluetooth scale support,,INR 1250.00,INR 1500.00,SPOSBT,INR 849.00,,,,,0.00,INR 0.00,fifo,85238020,FALSE,,,,,,0.000000,0.000000,0.000000,0.000000,cm,kg,true,,,GST18,18.000000,Group,IGST18,18.000000,Simple,
99381000030743001,TABLE TOP SCALE PC (GREEN-AY),nos,"Make : YESWEIGH Max: 30kg  Min : 100g e : 5g Class III
Display : Green",goods,,,,,,true,,WEIGHING SCALE IMPORT,Inventory,ATM PC Gold,"Make : YESWEIGH Max: 30kg  Min : 100g e : 5g Class III
Display : Green",INR 1850.00,INR 4200.00,ATM30GAY,INR 1400.00,"Make : YESWEIGH Max: 30kg  Min : 100g e : 5g Class III
Display : Green",,,,0.00,INR 0.00,fifo,84238190,FALSE,,,,,,0.000000,0.000000,0.000000,0.000000,cm,kg,true,,,GST18,18.000000,Group,IGST18,18.000000,Simple,
99381000030744041,"DESKTOP PRINTER BT/USB 3"" (XP-Q600B)",nos,"3 inch Desktop BT Printer, Auto-cutter, wall mountable.
Support  58/80mm width paper,  USB/BT",goods,,,,,,true,,PRINTERS & SCANNERS,Inventory,"DESKTOP PRINTER BT/USB 3"" (XP-Q600B)","3 inch Desktop BT Printer, Auto-cutter, wall mountable.
Support  58/80mm width paper,  USB/BT",INR 4600.00,INR 11500.00,XPDBP3R,INR 3800.00,"3 inch Desktop BT Printer, Auto-cutter, wall mountable.
Support  58/80mm width paper,  USB/BT",,,,0.00,INR 0.00,fifo,84433290,FALSE,,,,,,0.000000,0.000000,0.000000,0.000000,cm,kg,true,,,GST18,18.000000,Group,IGST18,18.000000,Simple,
99381000030748300,Label Printing Scale Q9LBL,nos,Make:YESWEIGH  Model:YS-30   Max:30kg  e:5g  Min:100g  Class:III,goods,,,,,,false,,BILL PRINTING SCALES,Inventory,Label Printing Scale Q9,Make:YESWEIGH  Model:YS-30   Max:30kg  e:5g  Min:100g  Class:III,INR 16500.00,INR 22500.00,Q9LBL,INR 10900.00,,,,,0.00,INR 0.00,fifo,84238190,FALSE,,,,,0.00,10.000000,44.000000,30.000000,54.000000,cm,kg,true,,,GST18,18.000000,Group,IGST18,18.000000,Simple,1
99381000030748301,KITCHEN SCALE 5Kg,nos,"Make: YESWEIGH Model: YS LBL
Max: 30kg e:5g Min: 100g",goods,,,,,,false,,BILL PRINTING SCALES,Inventory,LABEL PRINTING SCALE Q10,"Make: YESWEIGH Model: YS LBL
Max: 30kg e:5g Min: 100g",INR 17500.00,INR 32000.00,Q10LBL,INR 14770.00,"Make: YESWEIGH Model: YS LBL
Max: 30kg e:5g Min: 100g",,,,0.00,INR 0.00,fifo,84238190,FALSE,,,,,,12.000000,29.000000,54.000000,48.000000,cm,kg,true,,,GST18,18.000000,Group,IGST18,18.000000,Simple,1
99381000030748302,KITCHEN SCALE 5Kg,nos,,goods,,,,,,true,,WEIGHING INDICATORS,Inventory,Label Indicator,,INR 18500.00,INR 28200.00,LBLIND,INR 14386.00,,,,,0.00,INR 0.00,fifo,84239020,FALSE,,,,,,0.000000,0.000000,0.000000,0.000000,cm,kg,true,,,GST18,18.000000,Group,IGST18,18.000000,Simple,
99381000030748305,PLATFORM SCALE -BENCH (G-QZ2),nos,"40X40CM Platform Scale, 100kg/10g,  green led indicator,  SS pan, with MS back rail, MS pole, SS top platform, MS Frame",goods,,,,,,false,,WEIGHING SCALES INDIA,Inventory,PLATFORM SCALE 400X400 SS(100Kg) -EG,"40X40CM Platform Scale, 100kg/10g,  green led indicator,  SS pan, with MS back rail, MS pole, SS top platform, MS Frame",INR 3250.00,INR 7600.00,PLT40EG,INR 2840.00,"40X40CM Platform Scale, 100kg/10g,  green led indicator,  SS pan, with MS back rail, MS pole, SS top platform, MS Frame",,,,0.00,INR 0.00,fifo,84239010,FALSE,,,,,,10.000000,43.000000,14.000000,51.000000,cm,kg,true,,,GST18,18.000000,Group,IGST18,18.000000,Simple,1
99381000030748306,PLATFORM SCALE -BENCH (G-QZ2),nos,"50X50CM Platform Scale, 200kg/20g,  green led indicator,  SS pan, with MS back rail, MS pole, SS top platform, MS Frame",goods,,,,,,false,,WEIGHING SCALES INDIA,Inventory,PLATFORM SCALE 500X500 SS(200kg) -EG,"50X50CM Platform Scale, 200kg/20g,  green led indicator,  SS pan, with MS back rail, MS pole, SS top platform, MS Frame",INR 3850.00,INR 8700.00,PLT50EG,INR 3337.00,"50X50CM Platform Scale, 200kg/20g,  green led indicator,  SS pan, with MS back rail, MS pole, SS top platform, MS Frame",,,,0.00,INR 0.00,fifo,84239010,FALSE,,,,,,10.000000,43.000000,14.000000,51.000000,cm,kg,true,,,GST18,18.000000,Group,IGST18,18.000000,Simple,1
99381000030748307,PLATFORM SCALE -BENCH (G-QZ2),nos,"60X60CM Platform Scale, 300kg/50g,  green led indicator,  MS Chq pan, with MS back rail, MS pole,MS Frame",goods,,,,,,false,,WEIGHING SCALES INDIA,Inventory,PLATFORM SCALE 600X600 MS Chq (300kg)-EG,"60X60CM Platform Scale, 300kg/50g,  green led indicator,  MS Chq pan, with MS back rail, MS pole,MS Frame",INR 5100.00,INR 9400.00,PLT60EG,INR 4421.00,"60X60CM Platform Scale, 300kg/50g,  green led indicator,  MS Chq pan, with MS back rail, MS pole,MS Frame",,,,0.00,INR 0.00,fifo,84239010,FALSE,,,,,,10.000000,43.000000,14.000000,51.000000,cm,kg,true,,,GST18,18.000000,Group,IGST18,18.000000,Simple,1
99381000030748308,PLATFORM SCALE -BENCH (G-QZ2),nos,"Max:50kg e:5g Min:100g Class:III Display : Green ,Printer",goods,,,,,,true,,BILL PRINTING SCALES,Inventory,Bench Scale Pro MS,"Max:50kg e:5g Min:100g Class:III Display : Green ,Printer",INR 5900.00,INR 14750.00,BPPRMS,INR 4400.00,"Max:50kg e:5g Min:100g Class:III Display : Green ,Printer",,,,0.00,INR 0.00,fifo,84238290,FALSE,,,,,,0.000000,0.000000,0.000000,0.000000,cm,kg,true,,,GST18,18.000000,Group,IGST18,18.000000,Simple,
99381000030748309,PLATFORM SCALE -BENCH (G-QZ2),nos,"Max:50kg e:5g Min:100g Class:III Display : Green ,Printer",goods,,,,,,true,,BILL PRINTING SCALES,Inventory,Bench scale Pro SS,"Max:50kg e:5g Min:100g Class:III Display : Green ,Printer",INR 7900.00,INR 19750.00,BPPRSS,INR 5000.00,"Max:50kg e:5g Min:100g Class:III Display : Green ,Printer",,,,0.00,INR 0.00,fifo,84238290,FALSE,,,,,,0.000000,0.000000,0.000000,0.000000,cm,kg,true,,,GST18,18.000000,Group,IGST18,18.000000,Simple,
99381000030748479,SCANGLE - BARCODE SERIAL SCANNER  1D HANDY,nos,"DIMENSION: 420(W)*410(D)*100(H), BILLS: 5 BILLS, COINS: 5 COINS ,INTERFACE: RJ11/USB/RS232
",goods,,,,,,true,,PRINTERS & SCANNERS,Inventory,SCANGLE - CASH DRAWER 5 CONTAINER POS,"DIMENSION: 420(W)*410(D)*100(H), BILLS: 5 BILLS, COINS: 5 COINS ,INTERFACE: RJ11/USB/RS232
",INR 2750.00,INR 6875.00,CASHDRAWERPOS,INR 2290.00,"DIMENSION: 420(W)*410(D)*100(H), BILLS: 5 BILLS, COINS: 5 COINS ,INTERFACE: RJ11/USB/RS232
",,,,0.00,INR 0.00,fifo,83030000,FALSE,,,,,,0.000000,0.000000,0.000000,0.000000,cm,kg,true,,,GST18,18.000000,Group,IGST18,18.000000,Simple,
99381000030748482,"SCANGLE - POS TERMINAL SGT-664i5 15"" AFB (8GB)",nos,"SKU: 664A, RK3566/2GB/16GB DDR3, 15.6''  FRONT DISPLAY HD, CAPACITIVE TP, ANDROID 11 GOOGLE PLAY WIFI/BT, ALUMINIUM FOLDABLE BODY
",goods,,,,,,true,,TOUCH POS SYSTEMS,Inventory,"POS Terminal 15.6"" Android","SKU: 664A, RK3566/2GB/16GB DDR3, 15.6''  FRONT DISPLAY HD, CAPACITIVE TP, ANDROID 11 GOOGLE PLAY WIFI/BT, ALUMINIUM FOLDABLE BODY
",INR 23000.00,INR 30000.00,668A156,INR 19050.00,"SKU: 664A, RK3566/2GB/16GB DDR3, 15.6''  FRONT DISPLAY HD, CAPACITIVE TP, ANDROID 11 GOOGLE PLAY WIFI/BT, ALUMINIUM FOLDABLE BODY
",,,,0.00,INR 0.00,fifo,84714190,FALSE,,,,,,0.000000,0.000000,0.000000,0.000000,cm,kg,true,,,GST18,18.000000,Group,IGST18,18.000000,Simple,
99381000030748483,SCANGLE - BARCODE SERIAL SCANNER  1D HANDY,nos,,goods,,,,,,true,,PRINTERS & SCANNERS,Inventory,SCANGLE - BARCODE 2D SCANNER PT-138,,INR 3600.00,INR 9000.00,PT138SCR88,INR 2000.00,,,,,0.00,INR 0.00,fifo,84733099,FALSE,,,,,,0.000000,0.000000,0.000000,0.000000,cm,kg,true,,,GST18,18.000000,Group,IGST18,18.000000,Simple,
99381000030748485,SCANGLE - BARCODE SERIAL SCANNER  1D HANDY,nos,"TYPE: LASER, INTERFACE: USB, SCAN MODE SINGLE LINE SCAN, DECODING SPEED 150 times/Second, TRANSMISSION MODE: 2.4GHz
",goods,,,,,,true,,PRINTERS & SCANNERS,Inventory,SCANGLE - BARCODE SCANNER 1D WIRELESS-EF09,"TYPE: LASER, INTERFACE: USB, SCAN MODE SINGLE LINE SCAN, DECODING SPEED 150 times/Second, TRANSMISSION MODE: 2.4GHz
",INR 2200.00,INR 5500.00,EF09,INR 1500.00,"TYPE: LASER, INTERFACE: USB, SCAN MODE SINGLE LINE SCAN, DECODING SPEED 150 times/Second, TRANSMISSION MODE: 2.4GHz
",,,,0.00,INR 0.00,fifo,84716050,FALSE,,,,,,0.000000,0.000000,0.000000,0.000000,cm,kg,true,,,GST18,18.000000,Group,IGST18,18.000000,Simple,
99381000030748487,SCANGLE - BARCODE SERIAL SCANNER  1D HANDY,nos,"SCANGLE LABEL PRINTER
DIRECT THERMAL,LBL PRINTER",goods,,,,,,true,,PRINTERS & SCANNERS,Inventory,SCANGLE - LABEL PRINTER DIRECT THERMAL,"SCANGLE LABEL PRINTER
DIRECT THERMAL,LBL PRINTER",INR 5000.00,INR 12500.00,LDT,INR 4000.00,"SCANGLE LABEL PRINTER
DIRECT THERMAL,LBL PRINTER",,,,0.00,INR 0.00,fifo,84433290,FALSE,,,,,,0.000000,0.000000,0.000000,0.000000,cm,kg,true,,,GST18,18.000000,Group,IGST18,18.000000,Simple,
99381000030748488,"SCANGLE - POS TERMINAL SGT-664i5 15"" AFB (8GB)",nos,"SCANGLE  DESKTOP WINDOWS POS
INTEL i3 3RD GEN WINDOWS 10,4GB+128GB SSD, 14'' FRONT DISPLAY,ALUMINIUM ALLOY CASE,COLOUR: BLACK
",goods,,,,,,true,,TOUCH POS SYSTEMS,Inventory,"POS TERMINAL  14"" Windows","SCANGLE  DESKTOP WINDOWS POS
INTEL i3 3RD GEN WINDOWS 10,4GB+128GB SSD, 14'' FRONT DISPLAY,ALUMINIUM ALLOY CASE,COLOUR: BLACK
",INR 26000.00,INR 33500.00,664W14,INR 21000.00,"SCANGLE  DESKTOP WINDOWS POS
INTEL i5 3RD GEN WINDOWS 10,4GB+128GB SSD, 14'' FRONT DISPLAY,ALUMINIUM ALLOY CASE,COLOUR: BLACK
",,,,0.00,INR 0.00,fifo,84705010,FALSE,,,,,,0.000000,0.000000,0.000000,0.000000,cm,kg,true,,,GST18,18.000000,Group,IGST18,18.000000,Simple,
99381000030748490,"SCANGLE - POS TERMINAL SGT-664i5 15"" AFB (8GB)",nos,"SCANGLE ALL IN ONE ANDROID POS
RK3566QUAD CORE ANDROID 11, 2GB+16GB, 11.6'' IPS SCREEN, 80mm THERMAL PRINTER",goods,,,,,,true,,TOUCH POS SYSTEMS,Inventory,"All in one pos terminal 12.5""","SCANGLE ALL IN ONE ANDROID POS
RK3566QUAD CORE ANDROID 11, 2GB+16GB, 11.6'' IPS SCREEN, 80mm THERMAL PRINTER",INR 20500.00,INR 53750.00,A121,INR 17200.00,"SCANGLE ALL IN ONE ANDROID POS
RK3566QUAD CORE ANDROID 11, 2GB+16GB, 11.6'' IPS SCREEN, 80mm THERMAL PRINTER",,,,0.00,INR 0.00,fifo,84705010,FALSE,,,,,,0.000000,0.000000,0.000000,0.000000,cm,kg,true,,,GST18,18.000000,Group,IGST18,18.000000,Simple,
99381000030748494,"SCANGLE - POS TERMINAL SGT-664i5 15"" AFB (8GB)",nos,"SCANGLE ALL IN ONE ANDROID POS
RK3566QUAD CORE ANDROID 11, 2GB+32GB, 11.6'' IPS SCREEN, 80mm THERMAL PRINTER,AUTO CUTTER,ADDITIONAL DISPLAY",goods,,,,,,true,,TOUCH POS SYSTEMS,Inventory,"All In One Pos Terminal 12.5"" AC","SCANGLE ALL IN ONE ANDROID POS
RK3566QUAD CORE ANDROID 11, 2GB+32GB, 11.6'' IPS SCREEN, 80mm THERMAL PRINTER,AUTO CUTTER,ADDITIONAL DISPLAY",INR 20800.00,INR 52000.00,A12N,INR 17300.00,"SCANGLE ALL IN ONE ANDROID POS
RK3566QUAD CORE ANDROID 11, 2GB+32GB, 11.6'' IPS SCREEN, 80mm THERMAL PRINTER,AUTO CUTTER,ADDITIONAL DISPLAY",,,,0.00,INR 0.00,fifo,84705010,FALSE,,,,,,0.000000,0.000000,0.000000,0.000000,cm,kg,true,,,GST18,18.000000,Group,IGST18,18.000000,Simple,
99381000030748496,"SCANGLE - POS TERMINAL SGT-664i5 15"" AFB (8GB)",nos,"i5 5TH GEN 8+256GB SSD 15"" FRONT DISPLAY WINDOWS 10,ALUMINIUM AALOY",goods,,,,,,true,,TOUCH POS SYSTEMS,Inventory,"POS TERMINAL 15"" Windows","i5 5TH GEN 8+256GB SSD 15"" FRONT DISPLAY WINDOWS 10,ALUMINIUM AALOY",INR 28100.00,INR 37000.00,280F,INR 23400.00,"i5 5TH GEN 8+1256GB SSD 15"" FRONT DISPLAY WINDOWS 10,ALUMINIUM AALOY",,,,0.00,INR 0.00,fifo,84705010,FALSE,,,,,,0.000000,0.000000,0.000000,0.000000,cm,kg,true,,,GST18,18.000000,Group,IGST18,18.000000,Simple,
99381000030748497,SCANGLE - BARCODE SERIAL SCANNER  1D HANDY,nos,Max : 510g Min : 100mg e: 1mg d : 1mg Class : I Model :YSA,goods,,,,,,true,,ANALYTICAL SCALES,Inventory,PRICISION BALANCE 510g/1mg,Max : 510g Min : 100mg e: 1mg d : 1mg Class : I Model :YSA,INR 7900.00,INR 9500.00,YSA510,INR 6417.00,Max : 510g Min : 100mg e: 1mg d : 1mg Class : I Model :YSA,,,,0.00,INR 0.00,fifo,84238190,FALSE,,,,,,0.000000,0.000000,0.000000,0.000000,cm,kg,true,,,GST18,18.000000,Group,IGST18,18.000000,Simple,
99381000030748498,SCANGLE - BARCODE SERIAL SCANNER  1D HANDY,nos,"SCANGLE BARCODE SERIAL SCANNER
TYPE: CCD, INTERFACE: USB
",goods,,,,,,true,,PRINTERS & SCANNERS,Inventory,SCANGLE - BARCODE SERIAL SCANNER  1D HANDY,"SCANGLE BARCODE SERIAL SCANNER
TYPE: CCD, INTERFACE: USB
",INR 1050.00,INR 2625.00,SERIALSCANNER,INR 850.00,"SCANGLE BARCODE SERIAL SCANNER
TYPE: CCD, INTERFACE: USB
",,,,0.00,INR 0.00,fifo,84716050,FALSE,,,,,,0.000000,0.000000,0.000000,0.000000,cm,kg,true,,,GST18,18.000000,Group,IGST18,18.000000,Simple,
99381000030748695,TABLE TOP SCALE PC (GREEN-AY),nos,,goods,,,,,,false,,WEIGHING INDICATORS,Inventory,TRIPOLE STAND SET,,INR 500.00,INR 1250.00,TRIPOLESTAND,INR 370.00,,,,,0.00,INR 0.00,fifo,84239020,FALSE,,,,,,0.000000,0.000000,0.000000,0.000000,,,true,,,GST18,18.000000,Group,IGST18,18.000000,Simple,
99381000030748696,TABLE TOP SCALE PC (GREEN-AY),nos,"Make  : YESWEIGH Model: YST-20
Max :20kg e:2gm Min: 40g Class III",goods,,,,,,false,,WEIGHING SCALES INDIA,Inventory,Table Top Chottu 4v,"Make  : YESWEIGH Model: YST-20
Max :20kg e:2gm Min: 40g Class III",INR 1225.00,INR 3900.00,CH4VSF,INR 1000.00,Max :20kg e:2gm Min: 40g Class III,,,,0.00,INR 0.00,fifo,84231000,FALSE,,,,,,19.000000,32.000000,48.000000,62.000000,cm,kg,true,,,GST18,18.000000,Group,IGST18,18.000000,Simple,6
99381000030748700,"SCANGLE-POS TERMINAL SGT-i8 15.6""  i5 5TH GEN",nos,"RK3566 QUAD CORE 2GB+32GB SSD 15.6"" FRONT DISPLAY  80MM PRINTER
",goods,,,,,,true,,TOUCH POS SYSTEMS,Inventory,"Pos  Terminal  A 15.6""","RK3566 QUAD CORE 2GB+32GB SSD 15.6"" FRONT DISPLAY  80MM PRINTER
",INR 24900.00,INR 32500.00,880P,INR 20750.00,"RK3566 QUAD CORE 2GB+32GB SSD 15.6"" FRONT DISPLAY  80MM PRINTER
",,,,0.00,INR 0.00,fifo,84705010,FALSE,,,,,,0.000000,0.000000,0.000000,0.000000,cm,kg,true,,,GST18,18.000000,Group,IGST18,18.000000,Simple,
99381000030748701,"SCANGLE-POS TERMINAL SGT-i8 15.6""  i5 5TH GEN",nos,"880P ANDROID RK3568 QUAD CORE 2GB+32GB SSD 15.6"" FRONT DISPLAY 11.6"" 2ND DISPLAY  80MM PRINTER
",goods,,,,,,true,,TOUCH POS SYSTEMS,Inventory,"Pos Terminal A 15.6"" Rear 11""","880P ANDROID RK3568 QUAD CORE 2GB+32GB SSD 15.6"" FRONT DISPLAY 11.6"" 2ND DISPLAY  80MM PRINTER
",INR 29700.00,INR 37000.00,880PRD,INR 24750.00,"880P ANDROID RK3568 QUAD CORE 2GB+32GB SSD 15.6"" FRONT DISPLAY 11.6"" 2ND DISPLAY  80MM PRINTER
",,,,0.00,INR 0.00,fifo,84705010,FALSE,,,,,,0.000000,0.000000,0.000000,0.000000,cm,kg,true,,,GST18,18.000000,Group,IGST18,18.000000,Simple,
99381000030748702,TABLE TOP CHOTTU (G-EG),nos,"Model : YST-20
Max : 20kg e:2gm Min: 40g Class III
Display : Green",goods,,,,,,false,,WEIGHING SCALES INDIA,Inventory,TABLE TOP CHOTTU 6V,"Model : YST-20
Max : 20kg e:2gm Min: 40g Class III
Display : Green",INR 1300.00,INR 4000.00,CH6VSF,INR 1050.00,"Max : 20kg e:2gm Min: 40g Class III
Display : Led Green,With Colour box,Brevera Board,6V Batttery",,,,0.00,INR 0.00,fifo,84231000,FALSE,,,,,,20.000000,32.000000,48.000000,62.000000,cm,kg,true,,,GST18,18.000000,Group,IGST18,18.000000,Simple,6
99381000030748703,TABLE TOP SCALE PC (GREEN-AY),nos,"Model : YST-30
Max : 30kg e:5gm Min: 100g Class III
Display : Green",goods,,,,,,false,,WEIGHING SCALES INDIA,Inventory,VIBRANT POLE,"Model : YST-30
Max : 30kg e:5gm Min: 100g Class III
Display : Green",INR 1730.00,INR 5900.00,VBPL,INR 1400.00,"Model : YST-30
Max : 30kg e:5gm Min: 100g Class III
Display : Led Green, Brevera Board,6V Battery",,,,0.00,INR 0.00,fifo,84231000,FALSE,,,,,,20.000000,32.000000,48.000000,62.000000,cm,kg,true,,,GST18,18.000000,Group,IGST18,18.000000,Simple,6
99381000030748704,"SCANGLE-POS TERMINAL SGT-i8 15.6""  i5 5TH GEN",nos," INTEL i5 5th GEN 8GB+128GB SSD 15.6"" FRONT DISPLAY 
11.6"" 2ND DISPLAY BUILT IN 80MM PRINTER",goods,,,,,,true,,TOUCH POS SYSTEMS,Inventory,"POS Terminal 15.6"" Rear 11.6"""," INTEL i5 5th GEN 8GB+128GB SSD 15.6"" FRONT DISPLAY 
11.6"" 2ND DISPLAY BUILT IN 80MM PRINTER",INR 33850.00,INR 42000.00,880PWRD,INR 28200.00," INTEL i3 3rd GEN 4GB+128GB SSD 15.6"" FRONT DISPLAY 
11.6"" 2ND DISPLAY BUILT IN 80MM PRINTER",,,,0.00,INR 0.00,fifo,84705010,FALSE,,,,,,0.000000,0.000000,0.000000,0.000000,cm,kg,true,,,GST18,18.000000,Group,IGST18,18.000000,Simple,
99381000030748705,TABLE TOP CHOTTU (G-EG),nos,"Model : YST-20
Max : 20kg e:2gm Min: 40g Class III
Display : Green",goods,,,,,,false,,WEIGHING SCALES INDIA,Inventory,TABLE TOP CHOTTU,"Model : YST-20
Max : 20kg e:2gm Min: 40g Class III
Display : Green",INR 1300.00,INR 4000.00,CH6VEG,INR 1050.00,"Max : 20kg e:2gm Min: 40g Class III
Display : Led Green,With Colour box,Brevera Board,6V Batttery",,,,0.00,INR 0.00,fifo,84231000,FALSE,,,,,,20.000000,32.000000,48.000000,62.000000,cm,kg,true,,,GST18,18.000000,Group,IGST18,18.000000,Simple,6
99381000030748932,Analytical Balance 200g/0.0001g -External,nos,"Model :YSA  SKU : YSA 2004E
Max :200g e:1mg d: 0.1mg Min:100mg",goods,,,,,,false,,ANALYTICAL SCALES,Inventory,Analytical Balance 200g/0.0001g -External,"Model :YSA  SKU : YSA 2004E
Max :200g e:1mg d: 0.1mg Min:100mg",INR 24000.00,INR 45000.00,YSA204E,INR 15606.00,"Model :YSA  SKU : YSA 2004E
Max :200g e:1mg d: 0.1mg Min:100mg",,,,0.00,INR 0.00,fifo,90160020,FALSE,,,,,,8.000000,43.000000,35.000000,41.000000,cm,kg,true,,,GST18,18.000000,Group,IGST18,18.000000,Simple,1
99381000030748948,BARCODE SCANNER PT - 198,nos,"1D Barcode scanner 
RS232 Serial Port ",goods,,,,,,false,,PRINTERS & SCANNERS,Inventory,BARCODE SCANNER PT - 198,"1D Barcode scanner 
RS232 Serial Port ",INR 1750.00,INR 4375.00,PT198,INR 1400.00,,,,,0.00,INR 0.00,fifo,84716050,FALSE,,,,,,0.000000,0.000000,0.000000,0.000000,,,true,,,GST18,18.000000,Group,IGST18,18.000000,Simple,
99381000030749402,Gujarath Government Stamping Fee /Expense for 20 kg,nos,,goods,,,,,,false,,Stamping KL,Inventory,Government Stamping Fee /Expense for 30 kg,,INR 485.00,INR 1212.50,SF30,INR 335.00,,,,,0.00,INR 0.00,fifo,76061190,FALSE,,,,,,0.000000,0.000000,0.000000,0.000000,cm,kg,true,,,GST18,18.000000,Group,IGST18,18.000000,Simple,
99381000030749403,Government Stamping Fee / Expense for 510g,nos,,goods,,,,,,false,,Stamping KL,Inventory,Government Stamping Fee / Expense for 50kg,,INR 485.00,INR 1212.50,SF50,INR 335.00,,,,,0.00,INR 0.00,fifo,76061190,FALSE,,,,,,0.000000,0.000000,0.000000,0.000000,cm,kg,true,,,GST18,18.000000,Group,IGST18,18.000000,Simple,
99381000030749410,KITCHEN SCALE 5Kg,nos,Display : Green,goods,,,,,,false,,WEIGHING INDICATORS,Inventory,Indicator,Display : Green,INR 1200.00,INR 3800.00,IND202,INR 699.00,Display : Green,,,,0.00,INR 0.00,fifo,84239020,FALSE,,,,,,0.000000,0.000000,0.000000,0.000000,cm,kg,true,,,GST18,18.000000,Group,IGST18,18.000000,Simple,
99381000030749411,KITCHEN SCALE 5Kg,nos,Capacity : 30kg/5g,goods,,,,,,false,,BILL PRINTING SCALES,Inventory,Label printing scale,Capacity : 30kg/5g,INR 32500.00,INR 55000.00,HGLBL,INR 25786.00,Capacity : 30kg/5g,,,,0.00,INR 0.00,fifo,84238190,FALSE,,,,,,10.000000,36.000000,48.000000,49.000000,cm,kg,true,,,GST18,18.000000,Group,IGST18,18.000000,Simple,1
99381000030749415,KITCHEN SCALE 5Kg,nos,Max : 610g Min : 200mg e: 10mg d : 10mg Class : II Model :YSJ,goods,,,,,,true,,ANALYTICAL SCALES,Inventory,Jwellery Scale XY600-2C (600g/0.01g),Max : 610g Min : 200mg e: 10mg d : 10mg Class : II Model :YSJ,INR 4000.00,INR 11000.00,YSJ612C,INR 3130.00,Max : 610g Min : 200mg e: 10mg d : 10mg Class : II Model :YSJ,,,,0.00,INR 0.00,fifo,84238190,FALSE,,,,,,0.000000,0.000000,0.000000,0.000000,cm,kg,true,,,GST18,18.000000,Group,IGST18,18.000000,Simple,
99381000030749416,KITCHEN SCALE 5Kg,nos,Max : 3100g Min : 200mg e: 10mg d : 10mg Class II Model :YSJ,goods,,,,,,true,,ANALYTICAL SCALES,Inventory,Jwellery Scale XY3000-2C (3100g/0.01g),Max : 3100g Min : 200mg e: 10mg d : 10mg Class II Model :YSJ,INR 9500.00,INR 18500.00,YSJ3102C,INR 6482.00,Max : 3100g Min : 200mg e: 10mg d : 10mg Class II Model :YSJ,,,,0.00,INR 0.00,fifo,84238190,FALSE,,,,,,0.000000,0.000000,0.000000,0.000000,cm,kg,true,,,GST18,18.000000,Group,IGST18,18.000000,Simple,
99381000030749419,Floor Scale Indicator A5,nos,,goods,,,,,,false,,WEIGHING INDICATORS,Inventory,Floor Scale Indicator A5,,INR 1400.00,INR 3800.00,FSINDA5,INR 1075.00,,,,,0.00,INR 0.00,fifo,84238190,FALSE,,,,,,2.000000,34.000000,23.000000,22.000000,cm,kg,true,,,GST18,18.000000,Group,IGST18,18.000000,Simple,1
99381000030749422,KITCHEN SCALE 5Kg,nos,"Model : YSH
Max : 100kg e:10gm Min: 200g Class III
Display : Green",goods,,,,,,false,,WEIGHING SCALES INDIA,Inventory,HANGING WEIGHING SCALE (WITH BL -50kg),"Model : YSH
Max : 100kg e:10gm Min: 200g Class III
Display : Green",INR 1950.00,INR 3500.00,HNG150,INR 1580.00,"Model : YSH
Max : 100kg e:10gm Min: 200g Class III
Display :Led Green, Bangalore Intesys motherboard,6V Battery
(Bluetooth IC will be provided by us)",,,,0.00,INR 0.00,fifo,84231000,FALSE,,,,,,20.000000,32.000000,48.000000,62.000000,cm,kg,true,,,GST18,18.000000,Group,IGST18,18.000000,Simple,6
99381000030749423,Government Stamping Fee / Expense for 510g,nos,,goods,,,,,,false,,Stamping KL,Inventory,Government Stamping Fee / Expense for 510g,,INR 485.00,INR 1212.50,SF510,INR 335.00,,,,,0.00,INR 0.00,fifo,76061190,FALSE,,,,,,0.000000,0.000000,0.000000,0.000000,cm,kg,true,,,GST18,18.000000,Group,IGST18,18.000000,Simple,
99381000030749424,Gujarath Government Stamping Fee /Expense for 20 kg,nos,,goods,,,,,,false,,Stamping GJ,Inventory,Gujarath Government Stamping Fee /Expense for 30 kg,,INR 270.00,INR 675.00,GSF30,INR 250.00,,,,,0.00,INR 0.00,fifo,76061190,FALSE,,,,,,0.000000,0.000000,0.000000,0.000000,cm,kg,true,,,GST18,18.000000,Group,IGST18,18.000000,Simple,
99381000030749425,Gujarath Government Stamping Fee /Expense for 20 kg,nos,,goods,,,,,,false,,Stamping GJ,Inventory,Gujarath Government Stamping Fee /Expense for 50 kg,,INR 270.00,INR 675.00,GSF50,INR 250.00,,,,,0.00,INR 0.00,fifo,76061190,FALSE,,,,,,0.000000,0.000000,0.000000,0.000000,cm,kg,true,,,GST18,18.000000,Group,IGST18,18.000000,Simple,
99381000030749426,Gujarath Government Stamping Fee /Expense for 20 kg,nos,,goods,,,,,,false,,Stamping GJ,Inventory,Gujarath Government Stamping Fee /Expense for 20 kg,,INR 170.00,INR 425.00,GSF20,INR 150.00,,,,,0.00,INR 0.00,fifo,76061190,FALSE,,,,,,0.000000,0.000000,0.000000,0.000000,cm,kg,true,,,GST18,18.000000,Group,IGST18,18.000000,Simple,
99381000030749638,"SCANGLE - POS TERMINAL SGT-668A 15.6"" (WH-4GB)",nos,"PROCESSOR: MTK6580(1.3GHz), 5'' IPS DISPLAY, RAM:1GB  ROM:8GB, PPRINTER: 58MM(2'')
",goods,,,,,,true,,TOUCH POS SYSTEMS,Inventory,"Portable POS 5"" Q3","PROCESSOR: MTK6580(1.3GHz), 5'' IPS DISPLAY, RAM:1GB  ROM:8GB, PPRINTER: 58MM(2'')
",INR 10000.00,INR 25000.00,Q3,INR 7900.00,"PROCESSOR: MTK6580(1.3GHz), 5'' IPS DISPLAY, RAM:1GB  ROM:8GB, PPRINTER: 58MM(2'')
",,,,0.00,INR 0.00,fifo,84714190,FALSE,,,,,,0.000000,0.000000,0.000000,0.000000,cm,kg,true,,,GST18,18.000000,Group,IGST18,18.000000,Simple,
99381000030749640,SCANGLE-All IN ONE POS TERMINAL - Scale,nos,"PROCESSOR: INTEL i3 3RD GEN , 4GB +128 GB SSD, 15'' FRONT DISPLAY, ALUMINIUM ALLOY CASE,COLOUR: BLACK 
",goods,,,,,,true,,TOUCH POS SYSTEMS,Inventory,"POS TERMINAL 15"" Windows i3","PROCESSOR: INTEL i3 3RD GEN , 4GB +128 GB SSD, 15'' FRONT DISPLAY, ALUMINIUM ALLOY CASE,COLOUR: BLACK 
",INR 30500.00,INR 38000.00,280FI3,INR 24500.00,"PROCESSOR: INTEL i3 3RD GEN , 4GB +128 GB SSD, 15'' FRONT DISPLAY, ALUMINIUM ALLOY CASE,COLOUR: BLACK 
",,,,0.00,INR 0.00,fifo,84714190,FALSE,,,,,,0.000000,0.000000,0.000000,0.000000,cm,kg,true,,,GST18,18.000000,Group,IGST18,18.000000,Simple,
99381000030749641,SCANGLE-All IN ONE POS TERMINAL - Scale,nos,"SCANGLE THERMAL PRINER
INTERFACE : USB+LAN,PRINTER : 80mm",goods,,,,,,true,,PRINTERS & SCANNERS,Inventory,SCANGLE - THERMAL PRINTER SGT-88IV(U+L),"SCANGLE THERMAL PRINER
INTERFACE : USB+LAN,PRINTER : 80mm",INR 4200.00,INR 10500.00,XP350BUL,INR 3350.00,"SCANGLE THERMAL PRINER
INTERFACE : USB+LAN,PRINTER : 80mm",,,,0.00,INR 0.00,fifo,84433290,FALSE,,,,,,0.000000,0.000000,0.000000,0.000000,cm,kg,true,,,GST18,18.000000,Group,IGST18,18.000000,Simple,
99381000030749642,SCANGLE-All IN ONE POS TERMINAL - Scale,nos,"SCANGLE THERMAL PRINER
INTERFACE : USB+BLUETOOTH,PRINTER : 80mm",goods,,,,,,true,,PRINTERS & SCANNERS,Inventory,SCANGLE - THERMAL PRINTER WITH BLUETOOTH,"SCANGLE THERMAL PRINER
INTERFACE : USB+BLUETOOTH,PRINTER : 80mm",INR 4700.00,INR 11750.00,XP350BBT,INR 3750.00,"SCANGLE THERMAL PRINER
INTERFACE : USB+BLUETOOTH,PRINTER : 80mm",,,,0.00,INR 0.00,fifo,84433290,FALSE,,,,,,0.000000,0.000000,0.000000,0.000000,cm,kg,true,,,GST18,18.000000,Group,IGST18,18.000000,Simple,
99381000030749643,SCANGLE-All IN ONE POS TERMINAL - Scale,nos,"SCANGLE THERMAL PRINER
INTERFACE :USB+ WIFI,PRINTER : 80mm",goods,,,,,,true,,PRINTERS & SCANNERS,Inventory,SCANGLE - THERMAL PRINTER WITH WIFI,"SCANGLE THERMAL PRINER
INTERFACE :USB+ WIFI,PRINTER : 80mm",INR 4700.00,INR 11750.00,XP350BW,INR 3750.00,"SCANGLE THERMAL PRINER
INTERFACE :USB+ WIFI,PRINTER : 80mm",,,,0.00,INR 0.00,fifo,84433290,FALSE,,,,,,0.000000,0.000000,0.000000,0.000000,cm,kg,true,,,GST18,18.000000,Group,IGST18,18.000000,Simple,
99381000030749644,"SCANGLE - POS TERMINAL SGT-668A 15.6"" (WH-4GB)",nos,"SCANGLE HAND HELD ANDROID POS
MTK6580(1.3GHz) ANDROID 11,2GB+16GB,       5'' IPS DISPLAY,  58mm(2'') THERMAL PRINTER  , WIFI WITH 4G
",goods,,,,,,true,,TOUCH POS SYSTEMS,Inventory,"Portable POS 5"" Q6","SCANGLE HAND HELD ANDROID POS
MTK6580(1.3GHz) ANDROID 11,2GB+16GB,       5'' IPS DISPLAY,  58mm(2'') THERMAL PRINTER  , WIFI WITH 4G
",INR 11500.00,INR 28750.00,Q6,INR 8800.00,"SCANGLE HAND HELD ANDROID POS
MTK6580(1.3GHz) ANDROID 11,2GB+16GB,       5'' IPS DISPLAY,  58mm(2'') THERMAL PRINTER  , WIFI WITH 4G
",,,,0.00,INR 0.00,fifo,84714190,FALSE,,,,,,0.000000,0.000000,0.000000,0.000000,cm,kg,true,,,GST18,18.000000,Group,IGST18,18.000000,Simple,
99381000030749645,"SCANGLE - POS TERMINAL SGT-668A 15.6"" (WH-4GB)",nos,"SCANGLE HAND HELD ANDROID POS
MTK6580(1.3GHz) ANDROID 11,2GB+16GB,       5'' IPS DISPLAY, 58mm(2'') THERMAL PRINTER, WIFI WITH 4G + NFC",goods,,,,,,true,,TOUCH POS SYSTEMS,Inventory,"Portable POS 5"" Q6 NFC","SCANGLE HAND HELD ANDROID POS
MTK6580(1.3GHz) ANDROID 11,2GB+16GB,       5'' IPS DISPLAY, 58mm(2'') THERMAL PRINTER, WIFI WITH 4G + NFC",INR 14000.00,INR 35000.00,Q6NFC,INR 11300.00,"SCANGLE HAND HELD ANDROID POS
MTK6580(1.3GHz) ANDROID 11,2GB+16GB,       5'' IPS DISPLAY, 58mm(2'') THERMAL PRINTER, WIFI WITH 4G + NFC",,,,0.00,INR 0.00,fifo,84714190,FALSE,,,,,,0.000000,0.000000,0.000000,0.000000,cm,kg,true,,,GST18,18.000000,Group,IGST18,18.000000,Simple,
99381000030749646,SCANGLE-All IN ONE POS TERMINAL - Scale,nos,"USB printer for android pos
",goods,,,,,,true,,PRINTERS & SCANNERS,Inventory,SCANGLE - THERMAL PRINTER SGT-88IV(USB),"USB printer for android pos
",INR 3600.00,INR 9000.00,EC8004L,INR 2900.00,"USB printer for android pos
",,,,0.00,INR 0.00,fifo,84433210,FALSE,,,,,,0.000000,0.000000,0.000000,0.000000,cm,kg,true,,,GST18,18.000000,Group,IGST18,18.000000,Simple,
99381000030749647,"SCANGLE - POS TERMINAL SGT-668A 15.6"" (WH-4GB)",nos," SCANGLE  DESKTOP ANDROID POS
RK3288  ANDROID 11, 2GB+32GB, DDR3, 14''  FRONT DISPLAY , CAPACITIVE TP",goods,,,,,,true,,TOUCH POS SYSTEMS,Inventory,"POS TERMINAL 14"" Android"," SCANGLE  DESKTOP ANDROID POS
RK3288  ANDROID 11, 2GB+32GB, DDR3, 14''  FRONT DISPLAY , CAPACITIVE TP",INR 18900.00,INR 25000.00,668,INR 15750.00," SCANGLE  DESKTOP ANDROID POS
RK3288  ANDROID 11, 2GB+32GB, DDR3, 14''  FRONT DISPLAY , CAPACITIVE TP",,,,0.00,INR 0.00,fifo,84705010,FALSE,,,,,,0.000000,0.000000,0.000000,0.000000,cm,kg,true,,,GST18,18.000000,Group,IGST18,18.000000,Simple,
99381000030749648,SCANGLE-All IN ONE POS TERMINAL - Scale,nos,"SCANGLE PORTABLE PRINTER,2 INCH
INTERFACE: USB, BLUETOOTH",goods,,,,,,true,,PRINTERS & SCANNERS,Inventory,SCANGLE- PORTABLE THERMAL PRINTER,"SCANGLE PORTABLE PRINTER,2 INCH
INTERFACE: USB, BLUETOOTH",INR 1900.00,INR 4750.00,PTP,INR 1575.00,"SCANGLE PORTABLE PRINTER, 2 INCH
INTERFACE: USB, BLUETOOTH",,,,0.00,INR 0.00,fifo,84433290,FALSE,,,,,,0.000000,0.000000,0.000000,0.000000,cm,kg,true,,,GST18,18.000000,Group,IGST18,18.000000,Simple,
99381000030749649,SCANGLE-All IN ONE POS TERMINAL - Scale,nos,"SCANGLE PRICE VERIFIER
RK3568 ANDROID 11,2GB+32GB, 10.1 "" DISPLAY",goods,,,,,,true,,TOUCH POS SYSTEMS,Inventory,"SCANGLE - PRICE VERIFIER 10.1""","SCANGLE PRICE VERIFIER
RK3568 ANDROID 11,2GB+32GB, 10.1 "" DISPLAY",INR 22000.00,INR 55000.00,PRICEVERIFIER101,INR 17500.00,"SCANGLE PRICE VERIFIER
RK3568 ANDROID 11,2GB+32GB, 10.1 "" DISPLAY",,,,0.00,INR 0.00,fifo,84433290,FALSE,,,,,,0.000000,0.000000,0.000000,0.000000,cm,kg,true,,,GST18,18.000000,Group,IGST18,18.000000,Simple,
99381000030749650,SCANGLE-All IN ONE POS TERMINAL - Scale,nos,"RK3566,Android 11,2GB,32GB,7"" Display,80mm printer",goods,,,,,,true,,TOUCH POS SYSTEMS,Inventory,"Portable POS 7""","RK3566,Android 11,2GB,32GB,7"" Display,80mm printer",INR 16500.00,INR 41250.00,A7,INR 13500.00,"RK3566,Android 11,2GB,32GB,7"" Display,80mm printer",,,,0.00,INR 0.00,fifo,84705010,FALSE,,,,,,0.000000,0.000000,0.000000,0.000000,cm,kg,true,,,GST18,18.000000,Group,IGST18,18.000000,Simple,
99381000030749651,"SCANGLE-POS TERMINAL SGT-i8 15.6""  i5 5TH GEN",nos,"SCANGLE  DESKTOP WINDOWS POS
INTEL i5 3RD GEN WINDOWS 10, 4GB+128GB SSD, 15.6'' FRONT DISPLAY, ALLUMINIUM FOLDABLE BODY,COLOUR : BLACK
",goods,,,,,,true,,TOUCH POS SYSTEMS,Inventory,"POS TERMINAL 15.6"" Windows i5 5","SCANGLE  DESKTOP WINDOWS POS
INTEL i5 3RD GEN WINDOWS 10, 4GB+128GB SSD, 15.6'' FRONT DISPLAY, ALLUMINIUM FOLDABLE BODY,COLOUR : BLACK
",INR 32500.00,INR 40000.00,280F156,INR 26000.00,"SCANGLE  DESKTOP WINDOWS POS
INTEL i5 3RD GEN WINDOWS 10, 4GB+128GB SSD, 15.6'' FRONT DISPLAY, ALLUMINIUM FOLDABLE BODY,COLOUR : BLACK
",,,,0.00,INR 0.00,fifo,84705010,FALSE,,,,,,0.000000,0.000000,0.000000,0.000000,cm,kg,true,,,GST18,18.000000,Group,IGST18,18.000000,Simple,
99381000030749653,SCANGLE-All IN ONE POS TERMINAL - Scale,nos,"USB+LAN PRINTER 80MM
",goods,,,,,,true,,PRINTERS & SCANNERS,Inventory,SCANGLE - XP-350B THERMAL PRINTER,"USB+LAN PRINTER 80MM
",INR 3250.00,INR 8125.00,XP350BLANEC,INR 2600.00,"USB+LAN PRINTER 80MM
",,,,0.00,INR 0.00,fifo,84433290,FALSE,,,,,,0.000000,0.000000,0.000000,0.000000,cm,kg,true,,,GST18,18.000000,Group,IGST18,18.000000,Simple,
99381000030749655,"SCANGLE-POS TERMINAL SGT-i8 15.6""  i5 5TH GEN",nos,"15.6 INCH ANDROID POS
 RK3566/2GB+ 32GB SSD
 80MM PRINTER
 ANDROID 11
 AI CAMERA
 WITH WEIGHING",goods,,,,,,true,,BILL PRINTING SCALES,Inventory,AI Pos Scale,"15.6 INCH ANDROID POS
 RK3566/2GB+ 32GB SSD
 80MM PRINTER
 ANDROID 11
 AI CAMERA
 WITH WEIGHING",INR 31750.00,INR 79375.00,AIPOS,INR 26450.00,"15.6 INCH ANDROID POS
 RK3566/2GB+ 32GB SSD
 80MM PRINTER
 ANDROID 11
 AI CAMERA
 WITH WEIGHING",,,,0.00,INR 0.00,fifo,84705010,FALSE,,,,,,0.000000,0.000000,0.000000,0.000000,cm,kg,true,,,GST18,18.000000,Group,IGST18,18.000000,Simple,
99381000030749656,"SCANGLE - POS TERMINAL SGT-668A 15.6"" (WH-4GB)",nos,"RK3568/2GB/16GB SSD 15.6"" FRONT DISPLAY CAPACITIVE TP ADROID 11, 11.6"" REAR DISPLAY COLOUR -WHITE",goods,,,,,,true,,TOUCH POS SYSTEMS,Inventory,"POS TERMINAL 15.6"" REAR 11.6""","RK3568/2GB/16GB SSD 15.6"" FRONT DISPLAY CAPACITIVE TP ADROID 11, 11.6"" REAR DISPLAY COLOUR -WHITE",INR 25350.00,INR 36000.00,156ARD,INR 21100.00,"RK3568/2GB/16GB SSD 15.6"" FRONT DISPLAY CAPACITIVE TP ADROID 11, 11.6"" REAR DISPLAY COLOUR -WHITE",,,,0.00,INR 0.00,fifo,84705010,FALSE,,,,,,0.000000,0.000000,0.000000,0.000000,cm,kg,true,,,GST18,18.000000,Group,IGST18,18.000000,Simple,
99381000030749657,"SCANGLE-POS TERMINAL SGT-i8 15.6""  i5 5TH GEN",nos,15.6 INCH ANDROID POS RK3566/2GB+ 32GB SSD 80MM PRINTER ANDROID 11 AI CAMERA BARCODE PRINTER WITH WEIGHING,goods,,,,,,true,,BILL PRINTING SCALES,Inventory,AI Barcode Label scale,15.6 INCH ANDROID POS RK3566/2GB+ 32GB SSD 80MM PRINTER ANDROID 11 AI CAMERA BARCODE PRINTER WITH WEIGHING,INR 34200.00,INR 85500.00,AILBL,INR 28500.00,15.6 INCH ANDROID POS RK3566/2GB+ 32GB SSD 80MM PRINTER ANDROID 11 AI CAMERA BARCODE PRINTER WITH WEIGHING,,,,0.00,INR 0.00,fifo,84705010,FALSE,,,,,,0.000000,0.000000,0.000000,0.000000,cm,kg,true,,,GST18,18.000000,Group,IGST18,18.000000,Simple,
99381000030749658,"SCANGLE - POS TERMINAL SGT-668A 15.6"" (WH-4GB)",nos,"SCANGLE HAND HELD ANDROID POS
MTK6580(1.3GHz) ANDROID 11,2GB+16GB, 5.5'' IPS DISPLAY, 58mm(2'') THERMAL PRINTER, WIFI WITH 4G + NFC",goods,,,,,,true,,TOUCH POS SYSTEMS,Inventory,"Portable POS 5"" NFC","SCANGLE HAND HELD ANDROID POS
MTK6580(1.3GHz) ANDROID 11,2GB+16GB, 5.5'' IPS DISPLAY, 58mm(2'') THERMAL PRINTER, WIFI WITH 4G + NFC",INR 11300.00,INR 28250.00,A5,INR 9400.00,"SCANGLE HAND HELD ANDROID POS
MTK6580(1.3GHz) ANDROID 11,2GB+16GB, 5.5'' IPS DISPLAY, 58mm(2'') THERMAL PRINTER, WIFI WITH 4G + NFC",,,,0.00,INR 0.00,fifo,84705010,FALSE,,,,,,0.000000,0.000000,0.000000,0.000000,cm,kg,true,,,GST18,18.000000,Group,IGST18,18.000000,Simple,
99381000030749659,"SCANGLE-POS TERMINAL SGT-i8 15.6""  i5 5TH GEN",nos,"15.6 INCH ANDROID POS RK3568/2GB+ 32GB SSD 80MM PRINTER ANDROID 11 AI CAMERA WITH WEIGHING,REAR DISPLAY",goods,,,,,,true,,BILL PRINTING SCALES,Inventory,AI Pos Scale with rear Display,"15.6 INCH ANDROID POS RK3568/2GB+ 32GB SSD 80MM PRINTER ANDROID 11 AI CAMERA WITH WEIGHING,REAR DISPLAY",INR 36000.00,INR 90000.00,AIPOSRD,INR 30000.00,"15.6 INCH ANDROID POS RK3568/2GB+ 32GB SSD 80MM PRINTER ANDROID 11 AI CAMERA WITH WEIGHING,REAR DISPLAY",,,,0.00,INR 0.00,fifo,84705010,FALSE,,,,,,0.000000,0.000000,0.000000,0.000000,cm,kg,true,,,GST18,18.000000,Group,IGST18,18.000000,Simple,
99381000030749872,Analytical Balance 200g/0.0001g - Internal,nos,Model :YSA    Max : 200g Min : 100mg e: 1mg   d : 0.1mg ,goods,,,,,,false,,ANALYTICAL SCALES,Inventory,Analytical Balance 200g/0.0001g - Internal,Model :YSA    Max : 200g Min : 100mg e: 1mg   d : 0.1mg ,INR 27500.00,INR 49000.00,YSA204I,INR 17796.00, Max : 200g Min : 100mg e: 1mg        d : 0.1mg Model :YSA ,,,,0.00,INR 0.00,fifo,90160020,FALSE,,,,,,8.000000,43.000000,35.000000,41.000000,cm,kg,true,,,GST18,18.000000,Group,IGST18,18.000000,Simple,1
99381000030749903,Bill Printing scale Q8POS,nos,Make:YESWEIGH  Model:YS-30   Max:30kg  e:5g  Min:100g  Class:III,goods,,,,,,false,,BILL PRINTING SCALES,Inventory,Electronic  Cash scale Q8,Make:YESWEIGH  Model:YS-30   Max:30kg  e:5g  Min:100g  Class:III,INR 15500.00,INR 29000.00,ECS5W,INR 10779.00,,,,,0.00,INR 0.00,fifo,84238190,FALSE,,,,,,14.000000,45.000000,52.000000,55.000000,cm,kg,true,,,GST18,18.000000,Group,IGST18,18.000000,Simple,2
99381000030749904,Bill  Printing scale Q74W,nos,Make: YESWEIGH  Model:YS-30   Max:30kg  e:5g  Min:100g  Class:III,goods,,,,,,false,,BILL PRINTING SCALES,Inventory,Bill  Printing scale Q7,Make: YESWEIGH  Model:YS-30   Max:30kg  e:5g  Min:100g  Class:III,INR 11500.00,INR 24500.00,ECS4W,INR 7900.00,,,,,0.00,INR 0.00,fifo,84231000,FALSE,,,,,,14.000000,54.000000,43.000000,51.000000,cm,kg,true,,,GST18,18.000000,Group,IGST18,18.000000,Simple,2
99381000030749905,Cash Box,nos,,goods,,,,,,false,,BILL PRINTING SCALES,Inventory,Cash Box 5D ECS,,INR 2850.00,INR 3900.00,ECSCD,INR 2195.00,,,,,0.00,INR 0.00,fifo,84239020,FALSE,,,,,,18.000000,48.000000,36.000000,47.000000,cm,kg,true,,,GST18,18.000000,Group,IGST18,18.000000,Simple,3
99381000030749909,"BT PRINTER 3"" (XP-Q600)",nos,,goods,,,,,,true,,PRINTERS & SCANNERS,Inventory,"BT PRINTER 3"" (XP-Q600)",,INR 4700.00,INR 11750.00,XPBT3,INR 3800.00,,,,,0.00,INR 0.00,fifo,84433290,FALSE,,,,,,0.000000,0.000000,0.000000,0.000000,cm,kg,true,,,GST18,18.000000,Group,IGST18,18.000000,Simple,
99381000030749910,"BT PRINTER 2"" (XP-P503A)",nos,,goods,,,,,,true,,PRINTERS & SCANNERS,Inventory,"BT PRINTER 2"" (XP-P503A)",,INR 1800.00,INR 4500.00,XPBT2,INR 1450.00,,,,,0.00,INR 0.00,fifo,84433290,FALSE,,,,,,0.000000,0.000000,0.000000,0.000000,cm,kg,true,,,GST18,18.000000,Group,IGST18,18.000000,Simple,
99381000030749911,BENCH SCALE PRO MAX (TOUCH),nos,"DISPLAY: 9/10 INCH
PRINTER: 58MM
PAN SIZE: 300X340 MM
BATTERY: 12V
Max : 30Kg Min : 100g e : 5g Class III
Make : SCANGLE",goods,,,,,,true,,BILL PRINTING SCALES,Inventory,BENCH SCALE PRO MAX Ms,"DISPLAY: 9/10 INCH
PRINTER: 58MM
PAN SIZE: 300X340 MM
BATTERY: 12V
Max : 30Kg Min : 100g e : 5g Class III
Make : SCANGLE",INR 14500.00,INR 36250.00,BPMXMS,INR 9750.00,"DISPLAY: 9/10 INCH
PRINTER: 58MM
PAN SIZE: 300X340 MM
BATTERY: 12V",,,,0.00,INR 0.00,fifo,84238190,FALSE,,,,,,0.000000,0.000000,0.000000,0.000000,cm,kg,true,,,GST18,18.000000,Group,IGST18,18.000000,Simple,
99381000030749912,BENCH SCALE PRO MAX (TOUCH - SS),nos,"DISPLAY: 9/10 INCH
PRINTER: 58MM
PAN SIZE: 300X340 MM
BATTERY: 12V
Max : 30Kg Min : 100g e : 5g Class III
Make : SCANGLE",goods,,,,,,true,,BILL PRINTING SCALES,Inventory,BENCH SCALE PRO MAX SS,"DISPLAY: 9/10 INCH
PRINTER: 58MM
PAN SIZE: 300X340 MM
BATTERY: 12V
Max : 30Kg Min : 100g e : 5g Class III
Make : SCANGLE",INR 16500.00,INR 41250.00,BPMXSS,INR 11925.00,"DISPLAY: 9/10 INCH
PRINTER: 58MM
PAN SIZE: 300X340 MM
BATTERY: 12V",,,,0.00,INR 0.00,fifo,84238190,FALSE,,,,,,0.000000,0.000000,0.000000,0.000000,cm,kg,true,,,GST18,18.000000,Group,IGST18,18.000000,Simple,
99381000030750315,ELECTRONIC CASH REGISTER (BLACK),nos,Make: YES WEIGH  Model:YSP-1000 Max:1000kg  e:100g  Min:2kg  Class:III,goods,,,,,,false,,INDUSTRIAL SCALES,Inventory,Platform 1mx1m,Make: YES WEIGH  Model:YSP-1000 Max:1000kg  e:100g  Min:2kg  Class:III,INR 12000.00,INR 29000.00,PLT1000,INR 10370.00,,,,,0.00,INR 0.00,fifo,84239020,FALSE,,,,,,80.000000,108.000000,14.000000,108.000000,cm,kg,true,,,GST18,18.000000,Group,IGST18,18.000000,Simple,1
99381000030750316,ELECTRONIC CASH REGISTER (BLACK),nos,"Make: YESWEIGH Model: YSPR 1.2
Max: 2000 Kg e: 200 g Min: 4 Kg 
Class : III",goods,,,,,,false,,INDUSTRIAL SCALES,Inventory,Platform 1.2mx1.2m,"Make: YESWEIGH Model: YSPR 1.2
Max: 2000 Kg e: 200 g Min: 4 Kg 
Class : III",INR 15600.00,INR 45000.00,PLT1200,INR 13362.00,,,,,0.00,INR 0.00,fifo,84239020,FALSE,,,,,,110.000000,125.000000,15.000000,125.000000,cm,kg,true,,,GST18,18.000000,Group,IGST18,18.000000,Simple,1
99381000030750317,ELECTRONIC CASH REGISTER (BLACK),nos,Make: YESWEIGH  Model: YSPR 1.5   Max:3000kg  e:500g  Min:10kg  Class:III,goods,,,,,,false,,INDUSTRIAL SCALES,Inventory,Platform 1.5mx1.5m,Make: YESWEIGH  Model: YSPR 1.5   Max:3000kg  e:500g  Min:10kg  Class:III,INR 27200.00,INR 48000.00,PLT1500,INR 23658.00,,,,,0.00,INR 0.00,fifo,84239020,FALSE,,,,,,180.000000,159.000000,15.000000,159.000000,cm,kg,true,,,GST18,18.000000,Group,IGST18,18.000000,Simple,1
99381000030750318,ELECTRONIC CASH REGISTER (BLACK),nos,,goods,,,,,,false,,TOUCH POS SYSTEMS,Inventory,Electronic cash register,,INR 11500.00,INR 20000.00,ECR,INR 9700.00,Wifi inbuilt,,,,0.00,INR 0.00,fifo,84705010,FALSE,,,,,,4.000000,39.000000,21.000000,41.000000,cm,kg,true,,,GST18,18.000000,Group,IGST18,18.000000,Simple,1
99381000030750319,ELECTRONIC CASH REGISTER (BLACK),nos,,goods,,,,,,false,,WEIGHING INDICATORS,Inventory,Floor Scale Indicator,,INR 1800.00,INR 3500.00,FSIND,INR 878.00,,,,,0.00,INR 0.00,fifo,84239020,FALSE,,,,,,2.000000,34.000000,23.000000,22.000000,cm,kg,true,,,GST18,18.000000,Group,IGST18,18.000000,Simple,1
99381000030750320,ELECTRONIC CASH REGISTER (BLACK),nos,,goods,,,,,,false,,WEIGHING INDICATORS,Inventory,ECS Indicator,,INR 14500.00,INR 26000.00,ECSIND,INR 11690.00,,,,,0.00,INR 0.00,fifo,84231000,FALSE,,,,,,4.000000,34.000000,19.000000,26.000000,cm,kg,true,,,GST18,18.000000,Group,IGST18,18.000000,Simple,1
99381000030750321,ELECTRONIC CASH REGISTER (BLACK),nos,Make:YESWEIGH  Model:YSJ-50   Max:620.81g Min:500mg e:10mg    Class:II,goods,,,,,,false,,ANALYTICAL SCALES,Inventory,Electronic weighing scale DJ600,Make:YESWEIGH  Model:YSJ-50   Max:620.81g Min:500mg e:10mg    Class:II,INR 4500.00,INR 11250.00,DJ600,INR 3576.00,,,,,0.00,INR 0.00,fifo,84231000,FALSE,,,,,,4.000000,33.000000,14.000000,29.000000,cm,kg,true,,,GST18,18.000000,Group,IGST18,18.000000,Simple,
99381000030750323,ELECTRONIC CASH REGISTER (BLACK),nos,,goods,,,,,,true,,TOUCH POS SYSTEMS,Inventory,ELECTRONIC CASH REGISTER,,INR 7250.00,INR 13500.00,ECRB,INR 5750.00,,,,,0.00,INR 0.00,fifo,84705010,FALSE,,,,,,0.000000,0.000000,0.000000,0.000000,cm,kg,true,,,GST18,18.000000,Group,IGST18,18.000000,Simple,
99381000030750324,"DESKTOP PRINTER USB/LAN 3"" (XP-Q600L)",nos,"3 inch Desktop U+L Printer,Printing Speed:230mm/s, Printer width:80mm , Interface:USB/USB+Lan, Thremal ",goods,,,,,,true,,PRINTERS & SCANNERS,Inventory,"DESKTOP PRINTER USB/LAN 3"" (XP-Q600L)","3 inch Desktop U+L Printer,Printing Speed:230mm/s, Printer width:80mm , Interface:USB/USB+Lan, Thremal ",INR 4100.00,INR 10250.00,XPDULP3R,INR 2800.00,"3 inch Desktop U+L Printer,Printing Speed:230mm/s, Printer width:80mm , Interface:USB/USB+Lan, Thremal ",,,,0.00,INR 0.00,fifo,84433290,FALSE,,,,,,0.000000,0.000000,0.000000,0.000000,cm,kg,true,,,GST18,18.000000,Group,IGST18,18.000000,Simple,
99381000030750325,Double display Indicator (Green),nos,Display : Green,goods,,,,,,false,,WEIGHING INDICATORS,Inventory,Double display Indicator (Green),Display : Green,INR 1200.00,INR 3800.00,INDDBG,INR 846.00,Display : Green,,,,0.00,INR 0.00,fifo,84238190,FALSE,,,,,,0.000000,0.000000,0.000000,0.000000,cm,kg,true,,,GST18,18.000000,Group,IGST18,18.000000,Simple,
99381000030750326,ECS CLOUD Additional to STD,nos,,goods,,,,,,true,,SOFTWARE KEYS,Inventory,ECS CLOUD Additional to STD,,INR 601.00,INR 1502.50,YESCLOUDADDITIONALSTD,INR 601.00,,,,,0.00,INR 0.00,fifo,85238020,FALSE,,,,,,0.000000,0.000000,0.000000,0.000000,cm,kg,true,,,GST18,18.000000,Group,IGST18,18.000000,Simple,
99381000030750327,ECS CLOUD New User,nos,,goods,,,,,,true,,SOFTWARE KEYS,Inventory,ECS CLOUD New User,,INR 580.00,INR 1450.00,YESCLOUDUSER,INR 449.00,,,,,0.00,INR 0.00,fifo,85238020,FALSE,,,,,,0.000000,0.000000,0.000000,0.000000,cm,kg,true,,,GST18,18.000000,Group,IGST18,18.000000,Simple,
99381000030750489,PRICE COMPUTING SCALE - WHITE - EC(AY),nos,,goods,,,,,,false,,WEIGHING INDICATORS,Inventory,PRICE COMPUTING INDICATOR.,,INR 1200.00,INR 3000.00,PRCIND2,INR 900.00,,,,,0.00,INR 0.00,fifo,84239020,FALSE,,,,,,0.000000,0.000000,0.000000,0.000000,cm,kg,true,,,GST18,18.000000,Group,IGST18,18.000000,Simple,
99381000030750492,POS CLOUD Multi shop,nos,Max : 210g Min : 100mg e: 1mg d : 1mg  Class : I Model :YSA,goods,,,,,,true,,ANALYTICAL SCALES,Inventory,Precision Balance JA203P (210g/0.001g),Max : 210g Min : 100mg e: 1mg d : 1mg  Class : I Model :YSA,INR 8000.00,INR 18000.00,YSA213P,INR 5911.00,Max : 210g Min : 100mg e: 1mg d : 1mg  Class : I Model :YSA,,,,0.00,INR 0.00,fifo,84238190,FALSE,,,,,,0.000000,0.000000,0.000000,0.000000,cm,kg,true,,,GST18,18.000000,Group,IGST18,18.000000,Simple,
99381000030750493,POS CLOUD Multi shop,nos,Max : 600g Min : 100mg e: 1mg d : 1mg Class : I Model :YSA,goods,,,,,,true,,ANALYTICAL SCALES,Inventory,Precision Balance JA603 (600g/0.001g),Max : 600g Min : 100mg e: 1mg d : 1mg Class : I Model :YSA,INR 27000.00,INR 40000.00,YSA603JA,INR 20694.00,Max : 600g Min : 100mg e: 1mg d : 1mg Class : I Model :YSA,,,,0.00,INR 0.00,fifo,84238190,FALSE,,,,,,0.000000,0.000000,0.000000,0.000000,cm,kg,true,,,GST18,18.000000,Group,IGST18,18.000000,Simple,
99381000030750495,POS CLOUD Multi shop,nos,"Printing Speed:70mm/s, Printer width:48mm , Roll diameter:50mm, Thremal /Label",goods,,,,,,true,,PRINTERS & SCANNERS,Inventory,"PORTABLE PRINTER BT 2"" (RECEIPT/LABEL) XP-P201A","Printing Speed:70mm/s, Printer width:48mm , Roll diameter:50mm, Thremal /Label",INR 2750.00,INR 6875.00,XPPBP2RL,INR 2250.00,"Printing Speed:70mm/s, Printer width:48mm , Roll diameter:50mm, Thremal /Label",,,,0.00,INR 0.00,fifo,84433290,FALSE,,,,,,0.000000,0.000000,0.000000,0.000000,cm,kg,true,,,GST18,18.000000,Group,IGST18,18.000000,Simple,
99381000030750496,POS CLOUD Multi shop,nos,"Printing Speed:70mm/s, Printer width:48mm , Roll diameter:50mm, Thremal /Label",goods,,,,,,true,,PRINTERS & SCANNERS,Inventory,"PORTABLE PRINTER BT 3"" (XP-P801A)","Printing Speed:70mm/s, Printer width:48mm , Roll diameter:50mm, Thremal /Label",INR 3750.00,INR 9375.00,XPPBP3R,INR 3100.00,"Printing Speed:70mm/s, Printer width:48mm , Roll diameter:50mm, Thremal /Label",,,,0.00,INR 0.00,fifo,84433290,FALSE,,,,,,0.000000,0.000000,0.000000,0.000000,cm,kg,true,,,GST18,18.000000,Group,IGST18,18.000000,Simple,
99381000030750669,"All in one pos 14"" Android",nos,"SCANGLE ALL IN ONE ANDROID POS
RK3566QUAD CORE ANDROID 11, 2GB+16GB,  14'' IPS SCREEN,80mm THERMAL PRINTER AUTO CUTTER",goods,,,,,,true,,TOUCH POS SYSTEMS,Inventory,"All in one pos 14"" Android","SCANGLE ALL IN ONE ANDROID POS
RK3566QUAD CORE ANDROID 11, 2GB+16GB,  14'' IPS SCREEN,80mm THERMAL PRINTER AUTO CUTTER",INR 24750.00,INR 61875.00,A14,INR 19800.00,"SCANGLE ALL IN ONE ANDROID POS
RK3566QUAD CORE ANDROID 11, 2GB+16GB,  14'' IPS SCREEN,80mm THERMAL PRINTER AUTO CUTTER",,,,0.00,INR 0.00,fifo,84705010,FALSE,,,,,,0.000000,0.000000,0.000000,0.000000,cm,kg,true,,,GST18,18.000000,Group,IGST18,18.000000,Simple,
99381000030750697,CCM  - Value Counting Machine,nos,,goods,,,,,,false,,CURRENCY COUNTING MACHINES,Inventory,CCM  - Value Counting Machine,,INR 7700.00,INR 19500.00,AL66,INR 6660.00,,,,,0.00,INR 0.00,fifo,84729090,FALSE,,,,,,0.000000,0.000000,0.000000,0.000000,cm,kg,true,,,GST18,18.000000,Group,IGST18,18.000000,Simple,
99381000030751007,SPOS KEY -PRO,nos,,goods,,,,,,true,,SOFTWARE KEYS,Inventory,SPOS KEY -PRO,,INR 3500.00,INR 6000.00,SPOSPRO,INR 3000.00,,,,,0.00,INR 0.00,fifo,85238020,FALSE,,,,,,0.000000,0.000000,0.000000,0.000000,cm,kg,true,,,GST18,18.000000,Group,IGST18,18.000000,Simple,
99381000030751022,SPOS KEY -ELITE,nos,,goods,,,,,,true,,SOFTWARE KEYS,Inventory,SPOS KEY -ELITE,,INR 5000.00,INR 7000.00,SPOSELITE,INR 4500.00,,,,,0.00,INR 0.00,fifo,85238020,FALSE,,,,,,0.000000,0.000000,0.000000,0.000000,cm,kg,true,,,GST18,18.000000,Group,IGST18,18.000000,Simple,
99381000030751039,SPOS KEY -LITE TO ELITE,nos,,goods,,,,,,true,,SOFTWARE KEYS,Inventory,SPOS KEY -LITE TO ELITE,,INR 2500.00,INR 2500.00,SPOSLITEELITE,INR 2500.00,,,,,0.00,INR 0.00,fifo,85238020,FALSE,,,,,,0.000000,0.000000,0.000000,0.000000,cm,kg,true,,,GST18,18.000000,Group,IGST18,18.000000,Simple,
99381000030751054,SPOS KEY -LITE,nos,,goods,,,,,,true,,SOFTWARE KEYS,Inventory,SPOS KEY -LITE,,INR 2500.00,INR 4500.00,SPOSLITE,INR 2000.00,,,,,0.00,INR 0.00,fifo,85238020,FALSE,,,,,,0.000000,0.000000,0.000000,0.000000,cm,kg,true,,,GST18,18.000000,Group,IGST18,18.000000,Simple,
99381000030751073,ECS CLOUD Additional Terminal (2 month),nos,,goods,,,,,,true,,SOFTWARE KEYS,Inventory,ECS CLOUD Additional Terminal (2 month),,INR 280.00,INR 350.00,YESCLOUDECS2M,INR 180.00,,,,,0.00,INR 0.00,fifo,85238020,FALSE,,,,,,0.000000,0.000000,0.000000,0.000000,cm,kg,true,,,GST18,18.000000,Group,IGST18,18.000000,Simple,
99381000030751126,ECS CLOUD Additional Terminal (6 month),nos,,goods,,,,,,true,,SOFTWARE KEYS,Inventory,ECS CLOUD Additional Terminal (6 month),,INR 840.00,INR 1250.00,YESCLOUDECS6M,INR 540.00,,,,,0.00,INR 0.00,fifo,85238020,FALSE,,,,,,0.000000,0.000000,0.000000,0.000000,cm,kg,true,,,GST18,18.000000,Group,IGST18,18.000000,Simple,
99381000030751191,ECS CLOUD Standard (2 Month),nos,,goods,,,,,,true,,SOFTWARE KEYS,Inventory,ECS CLOUD Standard (2 Month),,INR 500.00,INR 750.00,YESCLOUDSTD2M,INR 400.00,,,,,0.00,INR 0.00,fifo,85238020,FALSE,,,,,,0.000000,0.000000,0.000000,0.000000,cm,kg,true,,,GST18,18.000000,Group,IGST18,18.000000,Simple,
99381000030751210,ECS CLOUD Standard (6 Month),nos,,goods,,,,,,true,,SOFTWARE KEYS,Inventory,ECS CLOUD Standard (6 Month),,INR 1170.00,INR 1370.00,YESCLOUDSTD6M,INR 900.00,,,,,0.00,INR 0.00,fifo,85238020,FALSE,,,,,,0.000000,0.000000,0.000000,0.000000,cm,kg,true,,,GST18,18.000000,Group,IGST18,18.000000,Simple,
99381000030751225,ECS CLOUD Additional 1000 products,nos,,goods,,,,,,true,,SOFTWARE KEYS,Inventory,ECS CLOUD Additional 1000 products,,INR 1250.00,INR 1500.00,YESCLOUDPRODUCTS,INR 849.00,,,,,0.00,INR 0.00,fifo,85238020,FALSE,,,,,,0.000000,0.000000,0.000000,0.000000,cm,kg,true,,,GST18,18.000000,Group,IGST18,18.000000,Simple,
99381000030751244,ECS CLOUD Double Standard (Yearly),nos,,goods,,,,,,true,,SOFTWARE KEYS,Inventory,ECS CLOUD Double Standard (Yearly),,INR 4000.00,INR 5000.00,YESCLOUDSTDDY,INR 3000.00,,,,,0.00,INR 0.00,fifo,85238020,FALSE,,,,,,0.000000,0.000000,0.000000,0.000000,cm,kg,true,,,GST18,18.000000,Group,IGST18,18.000000,Simple,
99381000030751261,ECS CLOUD Standard TO Premium,nos,,goods,,,,,,true,,SOFTWARE KEYS,Inventory,ECS CLOUD Standard TO Premium,,INR 1000.00,INR 1000.00,YESCLOUDSTDPRE,INR 1000.00,,,,,0.00,INR 0.00,fifo,85238020,FALSE,,,,,,0.000000,0.000000,0.000000,0.000000,cm,kg,true,,,GST18,18.000000,Group,IGST18,18.000000,Simple,
99381000030751276,ECS CLOUD Additional Sales,nos,,goods,,,,,,true,,SOFTWARE KEYS,Inventory,ECS CLOUD Additional Sales,,INR 500.00,INR 750.00,YESCLOUDSALESY,INR 300.00,,,,,0.00,INR 0.00,fifo,85238020,FALSE,,,,,,0.000000,0.000000,0.000000,0.000000,cm,kg,true,,,GST18,18.000000,Group,IGST18,18.000000,Simple,
99381000030751291,ECS CLOUD Additional Terminal,nos,,goods,,,,,,true,,SOFTWARE KEYS,Inventory,ECS CLOUD Additional Terminal,,INR 1000.00,INR 1500.00,YESCLOUDECSY,INR 899.00,,,,,0.00,INR 0.00,fifo,85238020,FALSE,,,,,,0.000000,0.000000,0.000000,0.000000,cm,kg,true,,,GST18,18.000000,Group,IGST18,18.000000,Simple,
99381000030751321,ECS CLOUD Premium (Yearly),nos,,goods,,,,,,true,,SOFTWARE KEYS,Inventory,ECS CLOUD Premium (Yearly),,INR 3000.00,INR 3500.00,YESCLOUDPREY,INR 2500.00,,,,,0.00,INR 0.00,fifo,85238020,FALSE,,,,,,0.000000,0.000000,0.000000,0.000000,cm,kg,true,,,GST18,18.000000,Group,IGST18,18.000000,Simple,
99381000030751338,ECS CLOUD Standard (Yearly),nos,,goods,,,,,,true,,SOFTWARE KEYS,Inventory,ECS CLOUD Standard (Yearly),,INR 2000.00,INR 2500.00,YESCLOUDSTDY,INR 1500.00,,,,,0.00,INR 0.00,fifo,85238020,FALSE,,,,,,0.000000,0.000000,0.000000,0.000000,cm,kg,true,,,GST18,18.000000,Group,IGST18,18.000000,Simple,
99381000030755156,TABLE TOP SCALE PC (GREEN-AY),nos,"Model : YST-30
Max : 30kg e:5gm Min: 100g Class III
Display : Green",goods,,,,,,false,,WEIGHING SCALES INDIA,Inventory,VIBRANT POLE (BM+USB),"Model : YST-30
Max : 30kg e:5gm Min: 100g Class III
Display : Green",INR 1990.00,INR 4975.00,VBPLU,INR 1610.00,"Model : YST-30
Max : 30kg e:5gm Min: 100g Class III
Display : Green,6V Battery,Bangalore Motherboard, USB",,,,0.00,INR 0.00,fifo,84231000,FALSE,,,,,,20.000000,32.000000,48.000000,62.000000,cm,kg,true,,,GST18,18.000000,Group,IGST18,18.000000,Simple,6
99381000030918021,Printer - Bench Pro,nos,,goods,,,,,,true,,,Inventory,Printer Bench Pro,,INR 1500.00,INR 2500.00,BPR001,INR 1093.00,,,,,0.00,INR 0.00,fifo,84239020,FALSE,,,,,,0.000000,0.000000,0.000000,0.000000,cm,kg,true,,,GST18,18.000000,Group,IGST18,18.000000,Simple,
99381000030918035,Bluetooth Module with Cable,nos,,goods,,,,,,true,,,Inventory,Bluetooth module Bpro,,INR 350.00,INR 500.00,BPR002,INR 364.00,,,,,0.00,INR 0.00,fifo,84239020,FALSE,,,,,,0.000000,0.000000,0.000000,0.000000,cm,kg,true,,,GST18,18.000000,Group,IGST18,18.000000,Simple,
99381000030918049,Motherboard -Bench Pro,nos,,goods,,,,,,true,,,Inventory,Motherboard Bpro,,INR 1500.00,INR 2500.00,BPR003,INR 607.00,,,,,0.00,INR 0.00,fifo,84239020,FALSE,,,,,,0.000000,0.000000,0.000000,0.000000,cm,kg,true,,,GST18,18.000000,Group,IGST18,18.000000,Simple,
99381000030918063,Keyboard  - Indicator 202S,nos,,goods,,,,,,true,,,Inventory,Keyboard  - Indicator 202S,,INR 160.00,INR 400.00,KI202,INR 121.00,,,,,0.00,INR 0.00,fifo,84239020,FALSE,,,,,,0.000000,0.000000,0.000000,0.000000,cm,kg,true,,,GST18,18.000000,Group,IGST18,18.000000,Simple,
99381000030918077,3Pin Socket & Cap - Indicator 202S,nos,,goods,,,,,,true,,,Inventory,Socket & Cap - Indicator 202S 3Pin,,INR 40.00,INR 100.00,SCI202,INR 24.00,,,,,0.00,INR 0.00,fifo,84239020,FALSE,,,,,,0.000000,0.000000,0.000000,0.000000,cm,kg,true,,,GST18,18.000000,Group,IGST18,18.000000,Simple,
99381000031042058,Calibration Screw with hole,nos,,goods,,,,,,true,,GENERIC SPARE PARTS,Inventory,Calibration Screw with hole,,INR 5.00,,CALSR,INR 3.50,,,,,0.00,INR 0.00,fifo,998717,FALSE,,,,,,0.000000,0.000000,0.000000,0.000000,cm,kg,true,,,GST18,18.000000,Group,IGST18,18.000000,Simple,
99381000031042631,Power Cord with connector,pcs,,goods,,,,,,false,,,Inventory,Power Cord with connector,,INR 45.00,INR 62.50,BPC105,INR 16.08,,,,,0.00,INR 0.00,fifo,84239020,FALSE,,,,,,0.000000,0.000000,0.000000,0.000000,cm,kg,true,,,GST18,18.000000,Group,IGST18,18.000000,Simple,
99381000031042631,Power Cord with connector,pcs,,goods,,,,,,true,,,Inventory,Cord wire 2 pin,,INR 50.00,INR 150.00,2PINCW,INR 26.00,,,,,0.00,INR 0.00,fifo,84239020,FALSE,,,,,,0.000000,0.000000,0.000000,0.000000,cm,kg,true,,,GST18,18.000000,Group,IGST18,18.000000,Simple,
99381000031124006,PRICE COMPUTING SCALE 30KG RED (RJ),nos,"Make :YESWEIGH Model: YSP -30
Max:40kg e:5g Min:200g Class:
III Display : Red",goods,,,,,,true,,WEIGHING SCALE IMPORT,Inventory,ATM PC Red,"Make : YESWEIGH Max:40kg e:5g  Class:III
Display Red",INR 1850.00,INR 4200.00,ATM30RJ,INR 1707.00,,,,,0.00,INR 0.00,fifo,84231000,FALSE,,,,,,0.000000,0.000000,0.000000,0.000000,cm,kg,true,,,GST18,18.000000,Group,IGST18,18.000000,Simple,
99381000031254015,"SUNMI D2 15.6""",nos,,goods,,,,,,true,,TOUCH POS SYSTEMS,Inventory,"SUNMI D2 15.6""",SUMMI/EN version/ Multi Touch/RK3566/RAM 4GB/ROM 64GB/android 11 ,INR 14250.00,INR 35000.00,D2,INR 12000.00,"SUMMI/EN version/ Multi Touch/RK3566/RAM 4GB/ROM 64GB/android 11 
Working Warranty only ",,,,0.00,INR 0.00,fifo,84705010,FALSE,,,,,,0.000000,0.000000,0.000000,0.000000,cm,kg,true,,,GST18,18.000000,Group,IGST18,18.000000,Simple,
99381000031254038,BLUETOOTH HEADSET,nos,,goods,,,,,,true,,GENERIC SPARE PARTS,Inventory,BLUETOOTH HEADSET,"Connectivity: Bluetooth,Powerful Stereo Sound with Deep Bass,Built-In HD Microphone",INR 200.00,INR 500.00,P47,INR 150.00,"Connectivity: Bluetooth,Powerful Stereo Sound with Deep Bass,Built-In HD Microphone",,,,0.00,INR 0.00,fifo,85183000,FALSE,,,,,,0.000000,0.000000,0.000000,0.000000,cm,kg,true,,,GST18,18.000000,Group,IGST18,18.000000,Simple,
99381000031285060,F2 Class weight -1mg to 500g,box,,goods,,,,,,true,,,Inventory,F2 Class weight -1mg to 500g,,INR 7000.00,INR 17500.00,FCWT21,INR 7000.00,,,,,0.00,INR 0.00,fifo,84239020,FALSE,,,,,,0.000000,0.000000,0.000000,0.000000,cm,kg,true,,,GST18,18.000000,Group,IGST18,18.000000,Simple,
99381000031285074,F2 Class weight -2mg,nos,,goods,,,,,,true,,,Inventory,F2 Class weight -2mg,,INR 500.00,INR 1250.00,F22MG,INR 500.00,,,,,0.00,INR 0.00,fifo,84239020,FALSE,,,,,,0.000000,0.000000,0.000000,0.000000,cm,kg,true,,,GST18,18.000000,Group,IGST18,18.000000,Simple,
99381000031285088,F2 Class weight -1kg,nos,,goods,,,,,,true,,,Inventory,F2 Class weight -1kg,,INR 1400.00,INR 3500.00,F21KG,INR 1400.00,,,,,0.00,INR 0.00,fifo,84239020,FALSE,,,,,,0.000000,0.000000,0.000000,0.000000,cm,kg,true,,,GST18,18.000000,Group,IGST18,18.000000,Simple,
99381000031285107,F2 Class weight -2kg,nos,,goods,,,,,,true,,,Inventory,F2 Class weight -2kg,,INR 2250.00,INR 5625.00,F22KG,INR 2250.00,,,,,0.00,INR 0.00,fifo,84239020,FALSE,,,,,,0.000000,0.000000,0.000000,0.000000,cm,kg,true,,,GST18,18.000000,Group,IGST18,18.000000,Simple,
99381000031285121,F2 Class weight -5kg,nos,,goods,,,,,,true,,,Inventory,F2 Class weight -5kg,,INR 3200.00,INR 8000.00,F25KG,INR 3200.00,,,,,0.00,INR 0.00,fifo,84239020,FALSE,,,,,,0.000000,0.000000,0.000000,0.000000,cm,kg,true,,,GST18,18.000000,Group,IGST18,18.000000,Simple,
99381000031285135,F2 Class weight -10kg,nos,,goods,,,,,,true,,,Inventory,F2 Class weight -10kg,,INR 5400.00,INR 13500.00,F210KG,INR 5400.00,,,,,0.00,INR 0.00,fifo,84239020,FALSE,,,,,,0.000000,0.000000,0.000000,0.000000,cm,kg,true,,,GST18,18.000000,Group,IGST18,18.000000,Simple,
99381000031285149,F2 Class weight -20kg,nos,,goods,,,,,,true,,,Inventory,F2 Class weight -20kg,,INR 9500.00,INR 23750.00,F220KG,INR 9500.00,,,,,0.00,INR 0.00,fifo,84239020,FALSE,,,,,,0.000000,0.000000,0.000000,0.000000,cm,kg,true,,,GST18,18.000000,Group,IGST18,18.000000,Simple,
99381000031359091,CHOTTU STICKER SET,nos,,goods,,,,,,true,,,Inventory,CHOTTU STICKER SET,,INR 30.00,INR 75.00,CHOTT1,INR 21.00,,,,,0.00,INR 0.00,fifo,39199010,FALSE,,,,,,0.000000,0.000000,0.000000,0.000000,cm,kg,true,,,GST18,18.000000,Group,IGST18,18.000000,Simple,
99381000031359124,CHOTTU KEYPAD STICKER,nos,,goods,,,,,,true,,GENERIC SPARE PARTS,Inventory,CHOTTU KEYPAD STICKER,,INR 20.00,INR 50.00,CHOTTU,INR 13.00,,,,,0.00,INR 0.00,fifo,39199010,FALSE,,,,,,0.000000,0.000000,0.000000,0.000000,cm,kg,true,,,GST18,18.000000,Group,IGST18,18.000000,Simple,
99381000031418008,AI SCALE EXTRA DISPLAY CASE,nos,,goods,,,,,,true,,,Inventory,REAR DISPLAY CASE AI Pos,,INR 220.00,INR 550.00,ASRDC,INR 190.00,,,,,0.00,INR 0.00,fifo,81239020,FALSE,,,,,,0.000000,0.000000,0.000000,0.000000,cm,kg,true,,,GST18,18.000000,Group,IGST18,18.000000,Simple,
99381000031421052,POWERCODE  UK PIN,nos,,goods,,,,,,true,,,Inventory,Cord wire UK Pin,,INR 75.00,INR 475.00,PWCUK,INR 0.00,,,,,0.00,INR 0.00,fifo,84239020,FALSE,,,,,,0.000000,0.000000,0.000000,0.000000,cm,kg,true,,,GST18,18.000000,Group,IGST18,18.000000,Simple,
99381000031421168,Table top scale,no,"Max : 30kg E:5g Min:100g Class III
",goods,,,,,,true,,WEIGHING SCALE IMPORT,Inventory,Table top scale,,INR 1300.00,INR 3800.00,ACS30RAD,INR 800.00,,,,,0.00,INR 0.00,fifo,84231000,FALSE,,,,,200.00,0.000000,0.000000,0.000000,0.000000,cm,kg,true,,,GST18,18.000000,Group,IGST18,18.000000,Simple,
99381000031436110,Sunmi D2 Min,no,,goods,,,,,,true,,TOUCH POS SYSTEMS,Inventory,Sunmi D2 Mini,"Android 8.1 SUNMI OS,8GB ROM+2GB RAM 10.1""Support BT 2.1/3.0/4.2,Printer :58mm",INR 15400.00,INR 25000.00,D2MINI,INR 13000.00,"Android 8.1 SUNMI OS,8GB ROM+2GB RAM 10.1""Support BT 2.1/3.0/4.2,Printer :58mm",,,,0.00,INR 0.00,fifo,,FALSE,,,,,,0.000000,0.000000,0.000000,0.000000,cm,kg,true,,,GST18,18.000000,Group,IGST18,18.000000,Simple,
99381000031438755,PLATFORM Load Cell 800kg,nos,,goods,,,,,,true,,,Inventory,PLATFORM Load Cell 800kg,,INR 850.00,,PFPC800,INR 650.00,,,,,0.00,INR 0.00,fifo,84239020,FALSE,,,,,,0.000000,0.000000,0.000000,0.000000,cm,kg,true,,,GST18,18.000000,Group,IGST18,18.000000,Simple,
99381000031438769,JW Back Display,nos,,goods,,,,,,true,,,Inventory,JW Back Display,,INR 450.00,,BS0505,INR 300.00,,,,,0.00,INR 0.00,fifo,84239020,FALSE,,,,,,0.000000,0.000000,0.000000,0.000000,cm,kg,true,,,GST18,18.000000,Group,IGST18,18.000000,Simple,
99381000031442558,Q10 DOT MATRIX DISPLAY SET,nos,,goods,,,,,,true,,,Inventory,Q10 DOT MATRIX DISPLAY SET,,INR 1350.00,,Q10DOT,INR 1050.00,,,,,0.00,INR 0.00,fifo,84239020,FALSE,,,,,,0.000000,0.000000,0.000000,0.000000,cm,kg,true,,,GST18,18.000000,Group,IGST18,18.000000,Simple,
99381000031442572,POWERSUPPLY TO SMPS CONNECTOR,nos,,goods,,,,,,true,,,Inventory,POWERSUPPLY TO SMPS CONNECTOR,,INR 15.00,,SMPSCON,INR 10.00,,,,,0.00,INR 0.00,fifo,84239020,FALSE,,,,,,0.000000,0.000000,0.000000,0.000000,cm,kg,true,,,GST18,18.000000,Group,IGST18,18.000000,Simple,
99381000031442586,IND202 DUST COVER,nos,,goods,,,,,,true,,,Inventory,IND202 DUST COVER,,INR 20.00,,IND202DUST,INR 12.00,,,,,0.00,INR 0.00,fifo,84239020,FALSE,,,,,,0.000000,0.000000,0.000000,0.000000,cm,kg,true,,,GST18,18.000000,Group,IGST18,18.000000,Simple,
99381000031442600,YSA ANALYTICAL PAN,nos,,goods,,,,,,true,,,Inventory,YSA ANALYTICAL PAN,,INR 130.00,,YSAPAN,INR 105.00,,,,,0.00,INR 0.00,fifo,84239020,FALSE,,,,,,0.000000,0.000000,0.000000,0.000000,cm,kg,true,,,GST18,18.000000,Group,IGST18,18.000000,Simple,
99381000031442614,BEN PLT FRONT STICKER,nos,,goods,,,,,,true,,,Inventory,BEN PLT FRONT STICKER,,INR 20.00,,BENSTR,INR 12.00,,,,,0.00,INR 0.00,fifo,84239020,FALSE,,,,,,0.000000,0.000000,0.000000,0.000000,cm,kg,true,,,GST18,18.000000,Group,IGST18,18.000000,Simple,
99381000031442628,VIBRANT BATTERY CAP,nos,,goods,,,,,,true,,,Inventory,VIBRANT BATTERY CAP,,INR 20.00,,VIBCAP,INR 15.00,,,,,0.00,INR 0.00,fifo,84239020,FALSE,,,,,,0.000000,0.000000,0.000000,0.000000,cm,kg,true,,,GST18,18.000000,Group,IGST18,18.000000,Simple,
99381000031442642,ATM PC BOTTOM BATTERY CAP,nos,,goods,,,,,,true,,,Inventory,ATM PC BOTTOM BATTERY CAP,,INR 20.00,,ATMBATCAP,INR 15.00,,,,,0.00,INR 0.00,fifo,84239020,FALSE,,,,,,0.000000,0.000000,0.000000,0.000000,cm,kg,true,,,GST18,18.000000,Group,IGST18,18.000000,Simple,
99381000031442656,ATMPCP MASKING STICKER FRONT,nos,,goods,,,,,,true,,,Inventory,ATMPCP MASKING STICKER FRONT,,INR 5.00,,ATMPCPMASSTIKFRONT,INR 3.00,,,,,0.00,INR 0.00,fifo,84239020,FALSE,,,,,,0.000000,0.000000,0.000000,0.000000,cm,kg,true,,,GST18,18.000000,Group,IGST18,18.000000,Simple,
99381000031442670,ATMPCP MASKING STICKER BACK,nos,,goods,,,,,,true,,,Inventory,ATMPCP MASKING STICKER BACK,,INR 5.00,,ATMPCPMASSTIKBACK,INR 3.00,,,,,0.00,INR 0.00,fifo,84239020,FALSE,,,,,,0.000000,0.000000,0.000000,0.000000,cm,kg,true,,,GST18,18.000000,Group,IGST18,18.000000,Simple,
99381000031442761,BY WATERPROOF FRONT DISPLAY STICKER,nos,,goods,,,,,,true,,,Inventory,BY WATERPROOF FRONT DISPLAY STICKER,,INR 20.00,,BYW01,INR 12.00,,,,,0.00,INR 0.00,fifo,84239020,FALSE,,,,,,0.000000,0.000000,0.000000,0.000000,cm,kg,true,,,GST18,18.000000,Group,IGST18,18.000000,Simple,
99381000031442775,BY WATERPROOF BACK DISPLAY STICKER,nos,,goods,,,,,,true,,,Inventory,BY WATERPROOF BACK DISPLAY STICKER,,INR 20.00,,BYW02,INR 12.00,,,,,0.00,INR 0.00,fifo,84239020,FALSE,,,,,,0.000000,0.000000,0.000000,0.000000,cm,kg,true,,,GST18,18.000000,Group,IGST18,18.000000,Simple,
99381000031442789,BY WATERPROOF KEYPAD STICKER,nos,,goods,,,,,,true,,,Inventory,BY WATERPROOF KEYPAD STICKER,,INR 20.00,,BYW03,INR 12.00,,,,,0.00,INR 0.00,fifo,84239020,FALSE,,,,,,0.000000,0.000000,0.000000,0.000000,cm,kg,true,,,GST18,18.000000,Group,IGST18,18.000000,Simple,
99381000031453250,BENCH STRUCTURE CAP,nos,,goods,,,,,,true,,,Inventory,BENCH STRUCTURE CAP,,INR 5.00,,BSCAP,INR 3.00,,,,,0.00,INR 0.00,fifo,84239020,FALSE,,,,,,0.000000,0.000000,0.000000,0.000000,cm,kg,true,,,GST18,18.000000,Group,IGST18,18.000000,Simple,
99381000031453264,Q9LBL LOADCELL FIXING PLATE,nos,,goods,,,,,,true,,,Inventory,Q9LBL LOADCELL FIXING PLATE,,INR 60.00,,Q9LCFP,INR 45.00,,,,,0.00,INR 0.00,fifo,84239020,FALSE,,,,,,0.000000,0.000000,0.000000,0.000000,cm,kg,true,,,GST18,18.000000,Group,IGST18,18.000000,Simple,
99381000031453278,SAFAL VIBRANT STICKER,nos,,goods,,,,,,true,,,Inventory,SAFAL VIBRANT STICKER,,INR 2.00,,SFLSTCK,INR 1.00,,,,,0.00,INR 0.00,fifo,84239020,FALSE,,,,,,0.000000,0.000000,0.000000,0.000000,cm,kg,true,,,GST18,18.000000,Group,IGST18,18.000000,Simple,
99381000031453292,YESWEIGH DOOM STICKER,nos,,goods,,,,,,true,,,Inventory,YESWEIGH DOOM STICKER,,INR 5.00,,YDOMSTCK,INR 3.00,,,,,0.00,INR 0.00,fifo,84239020,FALSE,,,,,,0.000000,0.000000,0.000000,0.000000,cm,kg,true,,,GST18,18.000000,Group,IGST18,18.000000,Simple,
99381000031453306,PRC CHICKEN SCALE BACK DISPLAY (PUSHPAK),nos,,goods,,,,,,true,,,Inventory,Portable scale rear display,,INR 180.00,INR 450.00,PRCCKNBACK,INR 150.00,,,,,0.00,INR 0.00,fifo,84239020,FALSE,,,,,,0.000000,0.000000,0.000000,0.000000,cm,kg,true,,,GST18,18.000000,Group,IGST18,18.000000,Simple,
99381000031453320,ECS5W POLE CONNECTOR PCB,nos,,goods,,,,,,true,,,Inventory,ECS5W POLE CONNECTOR PCB,,INR 120.00,,ECSPOLECON,INR 80.00,,,,,0.00,INR 0.00,fifo,84239020,FALSE,,,,,,0.000000,0.000000,0.000000,0.000000,cm,kg,true,,,GST18,18.000000,Group,IGST18,18.000000,Simple,
99381000031453334,BENCH PC BLACK FRONT STIKCER,nos,,goods,,,,,,true,,,Inventory,BENCH PC BLACK FRONT STIKCER,,INR 80.00,,BY5039EFRNTSTCKR,INR 50.00,,,,,0.00,INR 0.00,fifo,84239020,FALSE,,,,,,0.000000,0.000000,0.000000,0.000000,cm,kg,true,,,GST18,18.000000,Group,IGST18,18.000000,Simple,
99381000031453655,DISPLAY DIGIT,nos,,goods,,,,,,true,,,Inventory,DISPLAY DIGIT,,INR 1.00,,DISDGT,INR 1.00,,,,,0.00,INR 0.00,fifo,84239020,FALSE,,,,,,0.000000,0.000000,0.000000,0.000000,cm,kg,true,,,GST18,18.000000,Group,IGST18,18.000000,Simple,
99381000031453670,Capacitor 1000 µF,nos,,goods,,,,,,true,,,Inventory,Capacitor 1000 µF,,INR 15.00,,CAP1000,INR 10.00,,,,,0.00,INR 0.00,fifo,85322200,FALSE,,,,,,0.000000,0.000000,0.000000,0.000000,cm,kg,true,,,GST18,18.000000,Group,IGST18,18.000000,Simple,
99381000031453684,Capacitor 470 µF,nos,,goods,,,,,,true,,,Inventory,Capacitor 470 µF,,INR 15.00,,CAP470,INR 10.00,,,,,0.00,INR 0.00,fifo,85322200,FALSE,,,,,,0.000000,0.000000,0.000000,0.000000,cm,kg,true,,,GST18,18.000000,Group,IGST18,18.000000,Simple,
99381000031453699,Transistor,nos,,goods,,,,,,true,,,Inventory,Transistor,,INR 5.00,,TRANS,INR 2.00,,,,,0.00,INR 0.00,fifo,85412100,FALSE,,,,,,0.000000,0.000000,0.000000,0.000000,cm,kg,true,,,GST18,18.000000,Group,IGST18,18.000000,Simple,
99381000031453714,Resistor 1.5ohm,nos,,goods,,,,,,true,,,Inventory,Resistor 1.5ohm,,INR 2.00,,RESISTOR,INR 1.00,,,,,0.00,INR 0.00,fifo,85331000,FALSE,,,,,,0.000000,0.000000,0.000000,0.000000,cm,kg,true,,,GST18,18.000000,Group,IGST18,18.000000,Simple,
99381000031453729,AC/DC ADAPTOR 8V,nos,,goods,,,,,,true,,,Inventory,DC ADAPTOR 8V,,INR 200.00,INR 500.00,ADAPTOR8V,INR 150.00,,,,,0.00,INR 0.00,fifo,85044090,FALSE,,,,,,0.000000,0.000000,0.000000,0.000000,cm,kg,true,,,GST18,18.000000,Group,IGST18,18.000000,Simple,
99381000031453744,BUZZER,nos,,goods,,,,,,true,,,Inventory,BUZZER,,INR 15.00,,15,INR 10.00,,,,,0.00,INR 0.00,fifo,85318000,FALSE,,,,,,0.000000,0.000000,0.000000,0.000000,cm,kg,true,,,GST18,18.000000,Group,IGST18,18.000000,Simple,
99381000031453759,RS232 TO RJ11 CABLE,nos,,goods,,,,,,true,,,Inventory,RS232 TO RJ11 CABLE,,INR 150.00,,RS232RJ11,INR 100.00,,,,,0.00,INR 0.00,fifo,85444299,FALSE,,,,,,0.000000,0.000000,0.000000,0.000000,cm,kg,true,,,GST18,18.000000,Group,IGST18,18.000000,Simple,
99381000031453773,AC/DC ADAPTOR 6V 500MA,nos,,goods,,,,,,true,,,Inventory,DC ADAPTOR 6V 500MA,,INR 200.00,INR 500.00,ADAPTOR6V,INR 150.00,,,,,0.00,INR 0.00,fifo,85044090,FALSE,,,,,,0.000000,0.000000,0.000000,0.000000,cm,kg,true,,,GST18,18.000000,Group,IGST18,18.000000,Simple,
99381000031453787,AC/DC ADAPTOR 7.4V 500MA,nos,,goods,,,,,,true,,,Inventory,AC/DC ADAPTOR 7.4V 500MA,,INR 200.00,,ADAPTOR7V,INR 150.00,,,,,0.00,INR 0.00,fifo,85044090,FALSE,,,,,,0.000000,0.000000,0.000000,0.000000,cm,kg,true,,,GST18,18.000000,Group,IGST18,18.000000,Simple,
99381000031453801,AC/DC ADAPTOR 12 1A,nos,,goods,,,,,,true,,,Inventory,DC ADAPTOR 12 1A,,INR 200.00,INR 500.00,ADAPTOR12V,INR 150.00,,,,,0.00,INR 0.00,fifo,85044090,FALSE,,,,,,0.000000,0.000000,0.000000,0.000000,cm,kg,true,,,GST18,18.000000,Group,IGST18,18.000000,Simple,
99381000031453815,AC/DC ADAPTOR 9V 3A,nos,,goods,,,,,,true,,,Inventory,DC ADAPTOR 9V 3A,,INR 300.00,INR 750.00,ADAPTOR9V,INR 225.00,,,,,0.00,INR 0.00,fifo,85044090,FALSE,,,,,,0.000000,0.000000,0.000000,0.000000,cm,kg,true,,,GST18,18.000000,Group,IGST18,18.000000,Simple,
99381000031453830,PRESSFIT SWITCH WITH WIRE,nos,,goods,,,,,,true,,,Inventory,PRESSFIT SWITCH WITH WIRE,,INR 40.00,,PRSWITCH,INR 25.00,,,,,0.00,INR 0.00,fifo,85365020,FALSE,,,,,,0.000000,0.000000,0.000000,0.000000,cm,kg,true,,,GST18,18.000000,Group,IGST18,18.000000,Simple,
99381000031453845,ECS GAP CONNCTOR BOTTOM,nos,,goods,,,,,,true,,,Inventory,ECS GAP CONNCTOR BOTTOM,,INR 20.00,,ECSGAPCON,INR 10.00,,,,,0.00,INR 0.00,fifo,85369090,FALSE,,,,,,0.000000,0.000000,0.000000,0.000000,cm,kg,true,,,GST18,18.000000,Group,IGST18,18.000000,Simple,
99381000031453859,STICKER INDIAN STANDRAD,nos,,goods,,,,,,true,,,Inventory,STICKER INDIAN STANDRAD,,INR 2.00,INR 5.00,INDSTCKR,INR 2.00,,,,,0.00,INR 0.00,fifo,84239020,FALSE,,,,,,0.000000,0.000000,0.000000,0.000000,cm,kg,true,,,GST18,18.000000,Group,IGST18,18.000000,Simple,
99381000031522706,ECS 5W STICKER SET,nos,,goods,,,,,,true,,GENERIC SPARE PARTS,Inventory,ECS 5W STICKER SET,,INR 290.00,INR 600.00,ECSS1,INR 215.00,,,,,0.00,INR 0.00,fifo,84239020,FALSE,,,,,,0.000000,0.000000,0.000000,0.000000,cm,kg,true,,,GST18,18.000000,Group,IGST18,18.000000,Simple,
99381000031522721,Q9LBL STICKER SET,nos,,goods,,,,,,true,,GENERIC SPARE PARTS,Inventory,Q9LBL STICKER SET,,INR 290.00,INR 600.00,Q9LS1,INR 215.00,,,,,0.00,INR 0.00,fifo,84239020,FALSE,,,,,,0.000000,0.000000,0.000000,0.000000,cm,kg,true,,,GST18,18.000000,Group,IGST18,18.000000,Simple,
99381000031557084,ATM PC Green,nos,"Make :YESWEIGH Model: YSP -30
Max:40kg e:5g Min:200g Class:
III Display : Green",goods,,,,,,true,,WEIGHING SCALE IMPORT,Inventory,ATM PC Green,"Make : YESWEIGH Max:40kg e:5g  Class:III
Display Red",INR 1900.00,INR 4200.00,ATM30GRJ,INR 1750.00,,,,,0.00,INR 0.00,fifo,84231000,FALSE,,,,,,0.000000,0.000000,0.000000,0.000000,cm,kg,true,,,GST18,18.000000,Group,IGST18,18.000000,Simple,
99381000031589004,Printer A14,no,,goods,,,,,,true,,,Inventory,Printer A14,,INR 5500.00,,PRTA14,INR 4500.00,,,,,0.00,INR 0.00,fifo,84705010,FALSE,,,,,,0.000000,0.000000,0.000000,0.000000,cm,kg,true,,,GST18,18.000000,Group,IGST18,18.000000,Simple,
99381000031589018,Printer Head A14,no,,goods,,,,,,true,,,Inventory,Printer Head A14,,INR 3500.00,,HDA14,INR 2500.00,,,,,0.00,INR 0.00,fifo,84705010,FALSE,,,,,,0.000000,0.000000,0.000000,0.000000,cm,kg,true,,,GST18,18.000000,Group,IGST18,18.000000,Simple,
99381000031589032,FRC wire CCM,nos,,goods,,,,,,false,,,Inventory,FRC wire CCM,,INR 100.00,INR 200.00,FRCCM,INR 50.00,,,,,0.00,INR 0.00,fifo,84239020,FALSE,,,,,,0.000000,0.000000,0.000000,0.000000,cm,kg,true,,,GST18,18.000000,Group,IGST18,18.000000,Simple,
99381000031589046,Sticker Portable scale SF,nos,,goods,,,,,,true,,,Inventory,Sticker Portable scale SF,,INR 40.00,INR 100.00,STCHSF,INR 20.00,,,,,0.00,INR 0.00,fifo,84239020,FALSE,,,,,,0.000000,0.000000,0.000000,0.000000,cm,kg,true,,,GST18,18.000000,Group,IGST18,18.000000,Simple,
99381000031589093,Q9LBL Printer Metal Parts,nos,,goods,,,,,,false,,,Inventory,Q9LBL Printer Metal Parts,,INR 200.00,,Q9PMT,INR 150.00,,,,,0.00,INR 0.00,fifo,84239020,FALSE,,,,,,0.000000,0.000000,0.000000,0.000000,cm,kg,true,,,GST18,18.000000,Group,IGST18,18.000000,Simple,
99381000031630228,RETSOL BARCODE SCANNER 2D -PD200,nos,,goods,,,,,,true,,PRINTERS & SCANNERS,Inventory,RETSOL BARCODE SCANNER 2D -PD200,"Barcode Scanner 2D
With usb",INR 3320.00,INR 5500.00,PD2000,INR 2800.00,"Barcode Scanner 2D
With usb",,,,0.00,INR 0.00,fifo,84716050,FALSE,,,,,,0.000000,0.000000,0.000000,0.000000,cm,kg,true,,,GST18,18.000000,Group,IGST18,18.000000,Simple,
99381000031630251,Pallet Scale Indicator,nos,,goods,,,,,,true,,GENERIC SPARE PARTS,Inventory,Pallet Scale Indicator,,INR 2800.00,,PSCIND,INR 2150.00,,,,,0.00,INR 0.00,fifo,84238190,FALSE,,,,,,0.000000,0.000000,0.000000,0.000000,cm,kg,true,,,GST18,18.000000,Group,IGST18,18.000000,Simple,
99381000031630280,TSC BARCODE LABEL PRINTER TL 240,nos,,goods,,,,,,true,,PRINTERS & SCANNERS,Inventory,TSC BARCODE LABEL PRINTER TL 240,"DRAM 64MB/FLASH 16MB, USB 2.0, IN PRINTER
Printer Warranty: 1 year
Printer Head warranty: 25 kms or 6 Months whichever is earlier
Printer Power supply Warranty: 3 Months",INR 9400.00,,TL240,INR 7900.00,"DRAM 64MB/FLASH 16MB, USB 2.0, IN PRINTER
Printer Warranty: 1 year
Printer Head warranty: 25 kms or 6 Months whichever is earlier
Printer Power supply Warranty: 3 Months",,,,0.00,INR 0.00,fifo,84433290,FALSE,,,,,,0.000000,0.000000,0.000000,0.000000,cm,kg,true,,,GST18,18.000000,Group,IGST18,18.000000,Simple,
99381000031630315,TSC DESKTOP THERMAL TRANSFER BARCODE PRINTER TA220TL 240,nos,,goods,,,,,,true,,PRINTERS & SCANNERS,Inventory,TSC DESKTOP THERMAL TRANSFER BARCODE PRINTER TA220TL 240,"Printer Warranty: 1 year
Printer Head warranty: 25 kms or 6 Months whichever is earlier
Printer Power supply Warranty: 3 Months Warranty: 3 Months",INR 14000.00,,TA220,INR 11750.00,"Printer Warranty: 1 year
Printer Head warranty: 25 kms or 6 Months whichever is earlier
Printer Power supply Warranty: 3 Months",,,,0.00,INR 0.00,fifo,84433290,FALSE,,,,,,0.000000,0.000000,0.000000,0.000000,cm,kg,true,,,GST18,18.000000,Group,IGST18,18.000000,Simple,
99381000031675079,GATC Stamping Fees above 20kg,nos,,service,,,,,,false,false,,Sales and Purchases,GATC Stamping Fees above 20kg,,INR 300.00,,GATC50,INR 200.00,,,,,,,,998346,FALSE,,,,,,0.000000,0.000000,0.000000,0.000000,cm,kg,true,,,GST18,18.000000,Group,IGST18,18.000000,Simple,
99381000031675095,GATC Stamping Fees Up to 20kg,nos,,service,,,,,,false,false,,Sales and Purchases,GATC Stamping Fees Up to 20kg,,INR 200.00,,GATC10,INR 120.00,,,,,,,,998346,FALSE,,,,,,0.000000,0.000000,0.000000,0.000000,cm,kg,true,,,GST18,18.000000,Group,IGST18,18.000000,Simple,
99381000031675116,SERVICE CHARGES,Lumpsum,,service,,,,,,false,false,,Sales and Purchases,SERVICE CHARGES,,INR 750.00,,SEC,INR 0.00,,,,,,,,998719,FALSE,,,,,,0.000000,0.000000,0.000000,0.000000,cm,kg,true,,,GST18,18.000000,Group,IGST18,18.000000,Simple,
99381000031675142,ST COURIER FREIGHT,kg,,service,,,,,,false,false,,Sales and Purchases,ST COURIER FREIGHT,,INR 9.00,,STFRC,INR 0.00,,,,,,,,996812,FALSE,,,,,,0.000000,0.000000,0.000000,0.000000,cm,kg,true,,,GST18,18.000000,Group,IGST18,18.000000,Simple,
99381000031675163,TRACKON COURIER FREIGHT,Lumpsum,,service,,,,,,false,false,,Sales and Purchases,TRACKON COURIER FREIGHT,,INR 0.00,,TRFRC,INR 0.00,,,,,,,,996812,FALSE,,,,,,0.000000,0.000000,0.000000,0.000000,cm,kg,true,,,GST18,18.000000,Group,IGST18,18.000000,Simple,
99381000031675202,DELHIVERY COURIER FREIGHT,Lumpsum,,service,,,,,,false,false,,Sales and Purchases,DELHIVERY COURIER FREIGHT,,INR 0.00,,DELFRC,INR 0.00,,,,,,,,996812,FALSE,,,,,,0.000000,0.000000,0.000000,0.000000,cm,kg,true,,,GST18,18.000000,Group,IGST18,18.000000,Simple,
99381000031675221,OTHERS FREIGHT CHARGES,Lumpsum,,service,,,,,,false,false,,Sales and Purchases,OTHERS FREIGHT CHARGES,,INR 0.00,,FRC,INR 0.00,,,,,,,,996812,FALSE,,,,,,0.000000,0.000000,0.000000,0.000000,cm,kg,true,,,GST18,18.000000,Group,IGST18,18.000000,Simple,
99381000031703151,Self Adhesive Tape,nos,,goods,,,,,,true,,GENERIC SPARE PARTS,Inventory,Self Adhesive Tape,,INR 110.00,,TAPE,INR 82.39,,,,,0.00,INR 0.00,fifo,39191000,FALSE,,,,,,0.000000,0.000000,0.000000,0.000000,cm,kg,true,,,GST18,18.000000,Group,IGST18,18.000000,Simple,
