PriceList Name,PriceList ID,Currency Code,Description,Percentage,Is Increase,Rounding Type,Decimal Place,PriceList Status,Type,IsDefault,Item Name,SKU,Pricing Scheme,Start Quantity,End Quantity,PriceList Rate,Discount
ATM JR ,99381000003455729,INR,,,false,no_rounding,0,inactive,per_item,false,Price Computing Scale YS889,YS889,volume,501.00,1000.00,1300.000000,
ATM JR ,99381000003455729,INR,,,false,no_rounding,0,inactive,per_item,false,ATM JUNIOR YS669,YS669,volume,100.00,500.00,1350.000000,
ATM JR ,99381000003455729,INR,,,false,no_rounding,0,inactive,per_item,false,ATM JUNIOR YS669,YS669,volume,501.00,1000.00,1300.000000,
INVESTORS,99381000003586995,INR,INVESTORS,,false,no_rounding,0,active,per_item,false,Label Printing Scale Q9,Q9LBL,volume,1.00,1.00,14500.000000,
INVESTORS,99381000003586995,INR,INVESTORS,,false,no_rounding,0,active,per_item,false,Label Printing scale Q9,TMAQ9,volume,1.00,1.00,14500.000000,
INVESTORS,99381000003586995,INR,INVESTORS,,false,no_rounding,0,active,per_item,false,Price Computing scale,ATMPC,volume,1.00,,1800.000000,
INVESTORS,99381000003586995,INR,INVESTORS,,false,no_rounding,0,active,per_item,false,Platform Weighing Scale  400x500 SS,PFPC400X500SS,volume,1.00,,4000.000000,
INVESTORS,99381000003586995,INR,INVESTORS,,false,no_rounding,0,active,per_item,false,Platform Weighing Scale 400x400 MS,PFPC400X400MS,volume,1.00,9.00,3700.000000,
INVESTORS,99381000003586995,INR,INVESTORS,,false,no_rounding,0,active,per_item,false,DIGITAL KITCHEN SCALE -10Kg,EK6003,volume,1.00,,380.000000,
INVESTORS,99381000003586995,INR,INVESTORS,,false,no_rounding,0,active,per_item,false,Platform Weighing Scale 420x520 SS,PFPC420X520SS,volume,1.00,,5700.000000,
INVESTORS,99381000003586995,INR,INVESTORS,,false,no_rounding,0,active,per_item,false,LUGGAGE SCALE,EP3004,volume,1.00,,220.000000,
INVESTORS,99381000003586995,INR,INVESTORS,,false,no_rounding,0,active,per_item,false,GLASS ELECTRONIC PERSONAL SCALE,EB8020,volume,1.00,,550.000000,
INVESTORS,99381000003586995,INR,INVESTORS,,false,no_rounding,0,active,per_item,false,DIGITAL KITCHEN SCALE,EK6005,volume,1.00,,400.000000,
INVESTORS,99381000003586995,INR,INVESTORS,,false,no_rounding,0,active,per_item,false,Platform Weighing Scale 600x800 MS (Trolley),PFPC600X800MS,volume,1.00,,15000.000000,
INVESTORS,99381000003586995,INR,INVESTORS,,false,no_rounding,0,active,per_item,false,Electronic  Cash scale Q8,ECS5W,volume,1.00,1.00,15500.000000,
INVESTORS,99381000003586995,INR,INVESTORS,,false,no_rounding,0,active,per_item,false,Price Computing Scale-Touch,ATMPCT,volume,1.00,,1950.000000,
INVESTORS,99381000003586995,INR,INVESTORS,,false,no_rounding,0,active,per_item,false,Price Computing Scale-W,ATMPCW,volume,1.00,19.00,2500.000000,
INVESTORS,99381000003586995,INR,INVESTORS,,false,no_rounding,0,active,per_item,false,Price Computing Scale-W,ATMPCW,volume,20.00,,2350.000000,
INVESTORS,99381000003586995,INR,INVESTORS,,false,no_rounding,0,active,per_item,false,ATM JUNIOR YS669,YS669,volume,1.00,29.00,1790.000000,
INVESTORS,99381000003586995,INR,INVESTORS,,false,no_rounding,0,active,per_item,false,ATM JUNIOR YS669,YS669,volume,30.00,99.00,1550.000000,
INVESTORS,99381000003586995,INR,INVESTORS,,false,no_rounding,0,active,per_item,false,ATM JUNIOR YS669,YS669,volume,100.00,,1350.000000,
INVESTORS,99381000003586995,INR,INVESTORS,,false,no_rounding,0,active,per_item,false,Table Top Chottu 4v,CH4VSF,volume,1.00,,1150.000000,
INVESTORS,99381000003586995,INR,INVESTORS,,false,no_rounding,0,active,per_item,false,TABLE TOP ABS (VIBRANT),VIBRANT300X240ABS,volume,1.00,,1650.000000,
INVESTORS,99381000003586995,INR,INVESTORS,,false,no_rounding,0,active,per_item,false,PLATFORM SCALE-BENCH (G),YS50GY,volume,1.00,,2250.000000,
INVESTORS,99381000003586995,INR,INVESTORS,,false,no_rounding,0,active,per_item,false,Table Top Scale  220x170 ABS 6 Volt,TTABS6V,volume,1.00,,1300.000000,
INVESTORS,99381000003586995,INR,INVESTORS,,false,no_rounding,0,active,per_item,false,Platform scale,BENCHPC,volume,1.00,,2050.000000,
INVESTORS,99381000003586995,INR,INVESTORS,,false,no_rounding,0,active,per_item,false,Electronic  Cash scale Q8,ECS5W,volume,2.00,9.00,13500.000000,
INVESTORS,99381000003586995,INR,INVESTORS,,false,no_rounding,0,active,per_item,false,Electronic  Cash scale Q8,ECS5W,volume,10.00,24.00,13000.000000,
INVESTORS,99381000003586995,INR,INVESTORS,,false,no_rounding,0,active,per_item,false,Electronic  Cash scale Q8,ECS5W,volume,25.00,,12500.000000,
INVESTORS,99381000003586995,INR,INVESTORS,,false,no_rounding,0,active,per_item,false,Label Printing scale Q9,TMAQ9,volume,2.00,9.00,13500.000000,
INVESTORS,99381000003586995,INR,INVESTORS,,false,no_rounding,0,active,per_item,false,Label Printing scale Q9,TMAQ9,volume,10.00,,12500.000000,
INVESTORS,99381000003586995,INR,INVESTORS,,false,no_rounding,0,active,per_item,false,Label Printing Scale Q9,Q9LBL,volume,2.00,9.00,13500.000000,
INVESTORS,99381000003586995,INR,INVESTORS,,false,no_rounding,0,active,per_item,false,Label Printing Scale Q9,Q9LBL,volume,10.00,,12500.000000,
INVESTORS,99381000003586995,INR,INVESTORS,,false,no_rounding,0,active,per_item,false,Bill  Printing scale Q7,ECS4W,volume,1.00,1.00,11000.000000,
INVESTORS,99381000003586995,INR,INVESTORS,,false,no_rounding,0,active,per_item,false,Bill  Printing scale Q7,ECS4W,volume,2.00,9.00,10500.000000,
INVESTORS,99381000003586995,INR,INVESTORS,,false,no_rounding,0,active,per_item,false,Bill  Printing scale Q7,ECS4W,volume,10.00,,10000.000000,
INVESTORS,99381000003586995,INR,INVESTORS,,false,no_rounding,0,active,per_item,false,BARCODE SCANNER PT - 198,PT198,volume,1.00,,1750.000000,
INVESTORS,99381000003586995,INR,INVESTORS,,false,no_rounding,0,active,per_item,false,ECS Indicator,ECSIND,volume,1.00,,14000.000000,
INVESTORS,99381000003586995,INR,INVESTORS,,false,no_rounding,0,active,per_item,false,TRIPOLE STAND SET,TRIPOLESTAND,volume,1.00,,500.000000,
INVESTORS,99381000003586995,INR,INVESTORS,,false,no_rounding,0,active,per_item,false,Floor Scale Indicator,FSIND,volume,1.00,,1800.000000,
INVESTORS,99381000003586995,INR,INVESTORS,,false,no_rounding,0,active,per_item,false,Electronic cash register,ECR,volume,1.00,,9500.000000,
INVESTORS,99381000003586995,INR,INVESTORS,,false,no_rounding,0,active,per_item,false,CCM  - Value Counting Machine,AL66,volume,1.00,9.00,7000.000000,
INVESTORS,99381000003586995,INR,INVESTORS,,false,no_rounding,0,active,per_item,false,CCM  - Value Counting Machine,AL66,volume,10.00,,6700.000000,
INVESTORS,99381000003586995,INR,INVESTORS,,false,no_rounding,0,active,per_item,false,FLOOR SCALE INDICATOR WITH EXTRA DISPLAY,K12IND,volume,1.00,,1250.000000,
INVESTORS,99381000003586995,INR,INVESTORS,,false,no_rounding,0,active,per_item,false,Platform Weighing Scale 400x400 MS,PFPC400X400MS,volume,10.00,,3500.000000,
INVESTORS,99381000003586995,INR,INVESTORS,,false,no_rounding,0,active,per_item,false,CHICKEN SCALE 300KG MS,CS400X400MS,volume,1.00,,3400.000000,
INVESTORS,99381000003586995,INR,INVESTORS,,false,no_rounding,0,active,per_item,false,Platform Scale 60x60,PF60MS,volume,1.00,,4700.000000,
INVESTORS,99381000003586995,INR,INVESTORS,,false,no_rounding,0,active,per_item,false,CHICKEN SCALE 100 KG SS,CS300X300SS,volume,1.00,,2250.000000,
INVESTORS,99381000003586995,INR,INVESTORS,,false,no_rounding,0,active,per_item,false,Analytical Balance 220g /0.1mg,BSM2204,volume,1.00,,19000.000000,
INVESTORS,99381000003586995,INR,INVESTORS,,false,no_rounding,0,active,per_item,false,Electronic weighing scale DJ600,DJ600,volume,1.00,5.00,4400.000000,
INVESTORS,99381000003586995,INR,INVESTORS,,false,no_rounding,0,active,per_item,false,Electronic weighing scale DJ600,DJ600,volume,6.00,17.00,4200.000000,
INVESTORS,99381000003586995,INR,INVESTORS,,false,no_rounding,0,active,per_item,false,Electronic weighing scale DJ600,DJ600,volume,18.00,,4000.000000,
INVESTORS,99381000003586995,INR,INVESTORS,,false,no_rounding,0,active,per_item,false,CHICKEN SCALE 300KG SS,CS400X400SS,volume,1.00,,3300.000000,
INVESTORS,99381000003586995,INR,INVESTORS,,false,no_rounding,0,active,per_item,false,Analytical Balance 220g/1 mg,BSM2203,volume,1.00,,7400.000000,
INVESTORS,99381000003586995,INR,INVESTORS,,false,no_rounding,0,active,per_item,false,Platform Weighing Scale 450x600 SS,PF4560,volume,1.00,,4350.000000,
INVESTORS,99381000003586995,INR,INVESTORS,,false,no_rounding,0,active,per_item,false,KITCHEN  SCALE,MK2003,volume,1.00,,375.000000,
INVESTORS,99381000003586995,INR,INVESTORS,,false,no_rounding,0,active,per_item,false,Platform 1.5mx1.5m,PLT1500,volume,1.00,,22000.000000,
INVESTORS,99381000003586995,INR,INVESTORS,,false,no_rounding,0,active,per_item,false,Platform 1mx1m,PLT1000,volume,1.00,,12000.000000,
INVESTORS,99381000003586995,INR,INVESTORS,,false,no_rounding,0,active,per_item,false,Platform 1.2mx1.2m,PLT1200,volume,1.00,,16500.000000,
INVESTORS,99381000003586995,INR,INVESTORS,,false,no_rounding,0,active,per_item,false,ELECTRONIC PLATFORM SCALE-100kg,BEN30X40MSBR,volume,1.00,,2250.000000,
INVESTORS,99381000003586995,INR,INVESTORS,,false,no_rounding,0,active,per_item,false,Platform Scale 30x40 Ben,BEN340,volume,1.00,,2250.000000,
December Bonaza,99381000004366007,INR,,,false,no_rounding,0,inactive,per_item,false,ELECTRONIC PLATFORM SCALE-100kg,BEN30X40MSBR,volume,1.00,23.00,2500.000000,
December Bonaza,99381000004366007,INR,,,false,no_rounding,0,inactive,per_item,false,ELECTRONIC PLATFORM SCALE-100kg,BEN30X40MSBR,volume,24.00,500.00,2350.000000,
December Bonaza,99381000004366007,INR,,,false,no_rounding,0,inactive,per_item,false,Platform Scale 30x40 Ben,BEN340,volume,1.00,23.00,2500.000000,
December Bonaza,99381000004366007,INR,,,false,no_rounding,0,inactive,per_item,false,Platform Scale 30x40 Ben,BEN340,volume,24.00,,2350.000000,
DIR PRICE,99381000015510001,INR,,,false,no_rounding,0,active,per_item,false,ECS5W / 4W/Q10 KEYBOARD,ECS811,unit,1.00,1.00,1000.000000,
DIR PRICE,99381000015510001,INR,,,false,no_rounding,0,active,per_item,false,Bench PC Load Cell Protection cover,BPC106,unit,1.00,1.00,135.000000,
DIR PRICE,99381000015510001,INR,,,false,no_rounding,0,active,per_item,false,ENCODING SENSOR CCM,CCM108,unit,1.00,1.00,120.000000,
DIR PRICE,99381000015510001,INR,,,false,no_rounding,0,active,per_item,false,Q8LBL KEYPAD SILICON PAD,Q8617,unit,1.00,1.00,200.000000,
DIR PRICE,99381000015510001,INR,,,false,no_rounding,0,active,per_item,false,Loadcell 40KG 88mm,LC4088,unit,1.00,1.00,120.000000,
DIR PRICE,99381000015510001,INR,,,false,no_rounding,0,active,per_item,false,RMC Connector 3 Pin,RCP3,unit,1.00,1.00,7.000000,
DIR PRICE,99381000015510001,INR,,,false,no_rounding,0,active,per_item,false,Q9LBL Printer GearSet,Q9715,unit,1.00,1.00,340.000000,
DIR PRICE,99381000015510001,INR,,,false,no_rounding,0,active,per_item,false,BENCH PC   GREEN INDICATOR BOTTOM CASE,BPCG0031,unit,1.00,1.00,160.000000,
DIR PRICE,99381000015510001,INR,,,false,no_rounding,0,active,per_item,false,Q9LBL PRINTER MOTHERBOARD,Q9719,unit,1.00,1.00,400.000000,
DIR PRICE,99381000015510001,INR,,,false,no_rounding,0,active,per_item,false,Body / Housing Back (B3+),BHBB3,unit,1.00,1.00,280.000000,
DIR PRICE,99381000015510001,INR,,,false,no_rounding,0,active,per_item,false,CCM display & Keypad sticker,CCM114,unit,1.00,1.00,290.000000,
DIR PRICE,99381000015510001,INR,,,false,no_rounding,0,active,per_item,false,ATM30DAD1 Body set bottom case,ABSBC3,unit,1.00,1.00,210.000000,
DIR PRICE,99381000015510001,INR,,,false,no_rounding,0,active,per_item,false,CCM COUNTING SENSOR,CCM116,unit,1.00,1.00,180.000000,
DIR PRICE,99381000015510001,INR,,,false,no_rounding,0,active,per_item,false,ECS5W KEYBOARD CONNECT BOARD,ECS810,unit,1.00,1.00,150.000000,
DIR PRICE,99381000015510001,INR,,,false,no_rounding,0,active,per_item,false,Transformer 6.5v,TRF6V,unit,1.00,1.00,90.000000,
DIR PRICE,99381000015510001,INR,,,false,no_rounding,0,active,per_item,false,SIDE KEYPAD CCM,CCM109,unit,1.00,1.00,95.000000,
DIR PRICE,99381000015510001,INR,,,false,no_rounding,0,active,per_item,false,Q8LBL DISPLAY STICKER FRONT,Q8618,unit,1.00,1.00,125.000000,
DIR PRICE,99381000015510001,INR,,,false,no_rounding,0,active,per_item,false,Loadcell 3kg 130mm,L3130,unit,1.00,1.00,180.000000,
DIR PRICE,99381000015510001,INR,,,false,no_rounding,0,active,per_item,false,RMC Connector 2 Pin,RCP2,unit,1.00,1.00,5.000000,
DIR PRICE,99381000015510001,INR,,,false,no_rounding,0,active,per_item,false,BENCH PC GREEN MAIN BOARD,BPGMB,unit,1.00,1.00,180.000000,
DIR PRICE,99381000015510001,INR,,,false,no_rounding,0,active,per_item,false,Q9LBL PRINTER ROLLER MECHANISM,Q9720,unit,1.00,1.00,650.000000,
DIR PRICE,99381000015510001,INR,,,false,no_rounding,0,active,per_item,false,socket (B3+) 2 Pin,SBP32,unit,1.00,1.00,15.000000,
DIR PRICE,99381000015510001,INR,,,false,no_rounding,0,active,per_item,false,CCM ROTATE WHEEL,CCM115,unit,1.00,1.00,60.000000,
DIR PRICE,99381000015510001,INR,,,false,no_rounding,0,active,per_item,false,ATM30DAD1 PAN bush Leg,APBL30,unit,1.00,1.00,20.000000,
DIR PRICE,99381000015510001,INR,,,false,no_rounding,0,active,per_item,false,CCM COUNTING SENSOR -AL800,CCSA80,unit,1.00,1.00,180.000000,
DIR PRICE,99381000015510001,INR,,,false,no_rounding,0,active,per_item,false,Precision Balance JA203P (210g/0.001g),YSA213P,unit,1.00,1.00,7500.000000,
DIR PRICE,99381000015510001,INR,,,false,no_rounding,0,active,per_item,false,ATM30DAD1 Display front and back (dual LED),ADFABD,unit,1.00,1.00,375.000000,
DIR PRICE,99381000015510001,INR,,,false,no_rounding,0,active,per_item,false,SCANGLE - LABEL PRINTER DIRECT THERMAL,LDT,unit,1.00,1.00,5200.000000,
DIR PRICE,99381000015510001,INR,,,false,no_rounding,0,active,per_item,false,CCM LCD DISPLAY,CCM118,unit,1.00,1.00,1300.000000,
DIR PRICE,99381000015510001,INR,,,false,no_rounding,0,active,per_item,false,ECS5W DISPLAY SET FRONT,ECS808,unit,1.00,1.00,1950.000000,
DIR PRICE,99381000015510001,INR,,,false,no_rounding,0,active,per_item,false,Bench PC Battery To Board 2 Pin,BPC108,unit,1.00,1.00,15.000000,
DIR PRICE,99381000015510001,INR,,,false,no_rounding,0,active,per_item,false,C.M TRANSFORMER CCM,CCM110,unit,1.00,1.00,265.000000,
DIR PRICE,99381000015510001,INR,,,false,no_rounding,0,active,per_item,false,Q8LBL DISPLY STICKER BACK,Q8619,unit,1.00,1.00,125.000000,
DIR PRICE,99381000015510001,INR,,,false,no_rounding,0,active,per_item,false,ATM JUNIOR FRONT DISPLAY (BI COLOR),AJFDBC,unit,1.00,1.00,150.000000,
DIR PRICE,99381000015510001,INR,,,false,no_rounding,0,active,per_item,false,Led Red,LEDR,unit,1.00,1.00,1.500000,
DIR PRICE,99381000015510001,INR,,,false,no_rounding,0,active,per_item,false,ACS-826B,A826,unit,1.00,1.00,930.650000,
DIR PRICE,99381000015510001,INR,,,false,no_rounding,0,active,per_item,false,Sealing Machine,FR990,unit,1.00,1.00,9750.000000,
DIR PRICE,99381000015510001,INR,,,false,no_rounding,0,active,per_item,false,Platform Weighing Scale(GG),PWSG,unit,1.00,1.00,1050.000000,
DIR PRICE,99381000015510001,INR,,,false,no_rounding,0,active,per_item,false,PLATFORM SCALE,PLATFO,unit,1.00,1.00,2100.000000,
DIR PRICE,99381000015510001,INR,,,false,no_rounding,0,active,per_item,false,Q9LBL PRINTER MOTHERBOARD CASE,Q9723,unit,1.00,1.00,75.000000,
DIR PRICE,99381000015510001,INR,,,false,no_rounding,0,active,per_item,false,Buzzer (B3+),BUZZER,unit,1.00,1.00,20.000000,
DIR PRICE,99381000015510001,INR,,,false,no_rounding,0,active,per_item,false,ACS-779D,A779,unit,1.00,1.00,998.800000,
DIR PRICE,99381000015510001,INR,,,false,no_rounding,0,active,per_item,false,ECR KEYPAD,ECR105,unit,1.00,1.00,1400.000000,
DIR PRICE,99381000015510001,INR,,,false,no_rounding,0,active,per_item,false,Platform Weighing Scale (FG),BY5030FG,unit,1.00,1.00,1050.000000,
DIR PRICE,99381000015510001,INR,,,false,no_rounding,0,active,per_item,false,Q9LBL PRINTER PAPER FEEDER SET,Q9724,unit,1.00,1.00,120.000000,
DIR PRICE,99381000015510001,INR,,,false,no_rounding,0,active,per_item,false,Indicator holder  (B3+),IHB3,unit,1.00,1.00,120.000000,
DIR PRICE,99381000015510001,INR,,,false,no_rounding,0,active,per_item,false,Jwellery Scale XY600-2C (600g/0.01g),YSJ612C,unit,1.00,1.00,3750.000000,
DIR PRICE,99381000015510001,INR,,,false,no_rounding,0,active,per_item,false,ATM30DAD1 Dust Cover,ADC301,unit,1.00,1.00,65.000000,
DIR PRICE,99381000015510001,INR,,,false,no_rounding,0,active,per_item,false,ECS5W / 4W/Q10 DISPLAY BACK,ECS809,unit,1.00,1.00,1100.000000,
DIR PRICE,99381000015510001,INR,,,false,no_rounding,0,active,per_item,false,Bench PC Transformer Box,BPC109,unit,1.00,1.00,25.000000,
DIR PRICE,99381000015510001,INR,,,false,no_rounding,0,active,per_item,false,Infrared Thermometer,INFRATHERMO,unit,1.00,1.00,2430.000000,
DIR PRICE,99381000015510001,INR,,,false,no_rounding,0,active,per_item,false,MAGNETIC & DENOMINATION SENSOR WITH FRAME CCM,CCM111,unit,1.00,1.00,875.000000,
DIR PRICE,99381000015510001,INR,,,false,no_rounding,0,active,per_item,false,Q8LBL PAN,Q8621,unit,1.00,1.00,650.000000,
DIR PRICE,99381000015510001,INR,,,false,no_rounding,0,active,per_item,false,Loadcell 10KG 130mm,L10130,unit,1.00,1.00,180.000000,
DIR PRICE,99381000015510001,INR,,,false,no_rounding,0,active,per_item,false,STICKER 620G 0.01G,DJ108,unit,1.00,1.00,150.000000,
DIR PRICE,99381000015510001,INR,,,false,no_rounding,0,active,per_item,false,Loadcell Connector 5 Pin,CONMT5,unit,1.00,1.00,30.000000,
DIR PRICE,99381000015510001,INR,,,false,no_rounding,0,active,per_item,false,Electronic  Cash scale Q8,ECS5W,unit,1.00,1.00,13000.000000,
DIR PRICE,99381000015510001,INR,,,false,no_rounding,0,active,per_item,false,ECS5W PRINTER MAIN BOARD,ECS807,unit,1.00,1.00,350.000000,
DIR PRICE,99381000015510001,INR,,,false,no_rounding,0,active,per_item,false,Bench PC On/Off Switch,BPC110,unit,1.00,1.00,15.000000,
DIR PRICE,99381000015510001,INR,,,false,no_rounding,0,active,per_item,false,MOTHER BOARD CCM,CCM112,unit,1.00,1.00,1200.000000,
DIR PRICE,99381000015510001,INR,,,false,no_rounding,0,active,per_item,false,Q9LBL PAN HOLDING CROSS STAND,Q9701,unit,1.00,1.00,350.000000,
DIR PRICE,99381000015510001,INR,,,false,no_rounding,0,active,per_item,false,Loadcell 20 kg 130 mm,LKM201,unit,1.00,1.00,180.000000,
DIR PRICE,99381000015510001,INR,,,false,no_rounding,0,active,per_item,false,Shearbeam Loadcell 500 kg,SLK500,unit,1.00,1.00,680.000000,
DIR PRICE,99381000015510001,INR,,,false,no_rounding,0,active,per_item,false,Panel Sticker ATM PC Waterproof Back,WPC408,unit,1.00,1.00,30.000000,
DIR PRICE,99381000015510001,INR,,,false,no_rounding,0,active,per_item,false,ELECTRONIC WEIGHING SCALE 600.81g/10mg,JW600,unit,1.00,1.00,3400.000000,
DIR PRICE,99381000015510001,INR,,,false,no_rounding,0,active,per_item,false,BARCODE SCANNER PT-138 2D,PT138,unit,1.00,1.00,4000.000000,
DIR PRICE,99381000015510001,INR,,,false,no_rounding,0,active,per_item,false,Q9LBL PRINTER paper fix plastic case,Q9725,unit,1.00,1.00,60.000000,
DIR PRICE,99381000015510001,INR,,,false,no_rounding,0,active,per_item,false,ECS/LBL Display connector cable(15 CM),ECS831,unit,1.00,1.00,60.000000,
DIR PRICE,99381000015510001,INR,,,false,no_rounding,0,active,per_item,false,Jwellery Scale XY3000-2C (3100g/0.01g),YSJ3102C,unit,1.00,1.00,8500.000000,
DIR PRICE,99381000015510001,INR,,,false,no_rounding,0,active,per_item,false,ECS 5W/4W/ECR/INDICATOR Printer Roller,ECS838,unit,1.00,1.00,370.000000,
DIR PRICE,99381000015510001,INR,,,false,no_rounding,0,active,per_item,false,YSA DISPLAY WITH KEYS,YDWK,unit,1.00,1.00,220.000000,
DIR PRICE,99381000015510001,INR,,,false,no_rounding,0,active,per_item,false,Price Computing scale,ATMPC,unit,1.00,1.00,1950.000000,
DIR PRICE,99381000015510001,INR,,,false,no_rounding,0,active,per_item,false,ECS5W PRINTER CASE,ECS806,unit,1.00,1.00,250.000000,
DIR PRICE,99381000015510001,INR,,,false,no_rounding,0,active,per_item,false,Bench PC Front Display Board (Red),BPC111,unit,1.00,1.00,130.000000,
DIR PRICE,99381000015510001,INR,,,false,no_rounding,0,active,per_item,false,Q8LBL Dot Matrix Display Set,Q8602,unit,1.00,1.00,1250.000000,
DIR PRICE,99381000015510001,INR,,,false,no_rounding,0,active,per_item,false,ECS INDICATOR / ECS 4W DISPLAY  FRONT,ECS850,unit,1.00,1.00,1200.000000,
DIR PRICE,99381000015510001,INR,,,false,no_rounding,0,active,per_item,false,PRINTER Set Lable scale,Q9702,unit,1.00,1.00,7500.000000,
DIR PRICE,99381000015510001,INR,,,false,no_rounding,0,active,per_item,false,Loadcell 40 kg: 130 mm,LKM401,unit,1.00,1.00,180.000000,
DIR PRICE,99381000015510001,INR,,,false,no_rounding,0,active,per_item,false,Shearbeam Loadcell 1000kg,SBLC1T,unit,1.00,1.00,680.000000,
DIR PRICE,99381000015510001,INR,,,false,no_rounding,0,active,per_item,false,ACS 825B,A825,unit,1.00,1.00,907.930000,
DIR PRICE,99381000015510001,INR,,,false,no_rounding,0,active,per_item,false,ECS INDICATOR KEYPAD,ECSINK,unit,1.00,1.00,1200.000000,
DIR PRICE,99381000015510001,INR,,,false,no_rounding,0,active,per_item,false,ELECTRONIC WEIGHING SCALE 2000.81g/10mg,JW2000,unit,1.00,1.00,4900.000000,
DIR PRICE,99381000015510001,INR,,,false,no_rounding,0,active,per_item,false,Platform Scale 50x55,PF5055,unit,1.00,1.00,4600.000000,
DIR PRICE,99381000015510001,INR,,,false,no_rounding,0,active,per_item,false,THERMAL PRINTER SGT 88IV USB,TPSU88,unit,1.00,1.00,3200.000000,
DIR PRICE,99381000015510001,INR,,,false,no_rounding,0,active,per_item,false,Q9LBL PRINTER paper install base,Q9726,unit,1.00,1.00,35.000000,
DIR PRICE,99381000015510001,INR,,,false,no_rounding,0,active,per_item,false,APCPQ Pole Display,APCPQP,unit,1.00,1.00,130.000000,
DIR PRICE,99381000015510001,INR,,,false,no_rounding,0,active,per_item,false,Moisture Analyzer  XY100MW (110g/0.001g),YSJ100MW,unit,1.00,1.00,67000.000000,
DIR PRICE,99381000015510001,INR,,,false,no_rounding,0,active,per_item,false,BPC50DAD2 WEIGHING PAN,BWP502,unit,1.00,1.00,400.000000,
DIR PRICE,99381000015510001,INR,,,false,no_rounding,0,active,per_item,false,YSA DISPLAY STICKER,YSADIS,unit,1.00,1.00,230.000000,
DIR PRICE,99381000015510001,INR,,,false,no_rounding,0,active,per_item,false,ECS 5W LOAD CELL,ECS805,unit,1.00,1.00,375.000000,
DIR PRICE,99381000015510001,INR,,,false,no_rounding,0,active,per_item,false,Bench PC Back Display Board (Red),BPC112,unit,1.00,1.00,110.000000,
DIR PRICE,99381000015510001,INR,,,false,no_rounding,0,active,per_item,false,PLATFORM Load Cell 200kg,PLC200,unit,1.00,1.00,400.000000,
DIR PRICE,99381000015510001,INR,,,false,no_rounding,0,active,per_item,false,BODY SET ATM PC WATER PROOF,WPC414,unit,1.00,1.00,400.000000,
DIR PRICE,99381000015510001,INR,,,false,no_rounding,0,active,per_item,false,Q9LBL PRINT HEAD,Q9703,unit,1.00,1.00,2100.000000,
DIR PRICE,99381000015510001,INR,,,false,no_rounding,0,active,per_item,false,Loadcell 80 kg:130mm,LK8013,unit,1.00,1.00,180.000000,
DIR PRICE,99381000015510001,INR,,,false,no_rounding,0,active,per_item,false,ECS INDICATOR KEYPAD STICKER,EIKS,unit,1.00,1.00,140.000000,
DIR PRICE,99381000015510001,INR,,,false,no_rounding,0,active,per_item,false,ECR PRINTER COVER,ECR106,unit,1.00,1.00,155.000000,
DIR PRICE,99381000015510001,INR,,,false,no_rounding,0,active,per_item,false,Q9LBL printer head adjust spring small,Q9727,unit,1.00,1.00,25.000000,
DIR PRICE,99381000015510001,INR,,,false,no_rounding,0,active,per_item,false,APCPQ Power code connector,APCC,unit,1.00,1.00,60.000000,
DIR PRICE,99381000015510001,INR,,,false,no_rounding,0,active,per_item,false,Bench  Machine Leg,BPCLEG,unit,1.00,1.00,20.000000,
DIR PRICE,99381000015510001,INR,,,false,no_rounding,0,active,per_item,false,ECS 5W PAN HOLDING CROSS STAND,ECS804,unit,1.00,1.00,350.000000,
DIR PRICE,99381000015510001,INR,,,false,no_rounding,0,active,per_item,false,Bench PC Load Cell 70kg,BPC113,unit,1.00,1.00,210.000000,
DIR PRICE,99381000015510001,INR,,,false,no_rounding,0,active,per_item,false,PLATFORM LOAD CELL 700 KG,PLCK70,unit,1.00,1.00,600.000000,
DIR PRICE,99381000015510001,INR,,,false,no_rounding,0,active,per_item,false,BODY SET ATM JUNIOR,BSAJ,unit,1.00,1.00,400.000000,
DIR PRICE,99381000015510001,INR,,,false,no_rounding,0,active,per_item,false,Q9LBL BODY SET,Q9706,unit,1.00,1.00,1500.000000,
DIR PRICE,99381000015510001,INR,,,false,no_rounding,0,active,per_item,false,Loadcell 80kg: 3 Hole,LC80KG3HOLE,unit,1.00,1.00,240.000000,
DIR PRICE,99381000015510001,INR,,,false,no_rounding,0,active,per_item,false,ECS INDICATOR SILICON KEYPAD,EISK,unit,1.00,1.00,140.000000,
DIR PRICE,99381000015510001,INR,,,false,no_rounding,0,active,per_item,false,Price Computing Scale,PCSL,unit,1.00,1.00,12500.000000,
DIR PRICE,99381000015510001,INR,,,false,no_rounding,0,active,per_item,false,BY Display Bench Front and Back (Green LED),BY001,unit,1.00,1.00,245.000000,
DIR PRICE,99381000015510001,INR,,,false,no_rounding,0,active,per_item,false,APCPQ Pan holder,APCPQ2,unit,1.00,1.00,40.000000,
DIR PRICE,99381000015510001,INR,,,false,no_rounding,0,active,per_item,false,Portable Floor Scale 300x300 SS,PS300X300SS,unit,1.00,1.00,2250.000000,
DIR PRICE,99381000015510001,INR,,,false,no_rounding,0,active,per_item,false,VERTICAL STAND,VSTAND,unit,1.00,1.00,2000.000000,
DIR PRICE,99381000015510001,INR,,,false,no_rounding,0,active,per_item,false,Yescloud subscription,YESCLOUDSUBSCRIPTION,unit,1.00,1.00,0.000000,
DIR PRICE,99381000015510001,INR,,,false,no_rounding,0,active,per_item,false,"POS TERMINAL 14"" Android",668,unit,1.00,1.00,19800.000000,
DIR PRICE,99381000015510001,INR,,,false,no_rounding,0,active,per_item,false,Q9LBL Wifi module (old),Q9LBLWIFI,unit,1.00,1.00,1500.000000,
DIR PRICE,99381000015510001,INR,,,false,no_rounding,0,active,per_item,false,PORTABLE SCALE 30X34,PS3034,unit,1.00,1.00,1650.000000,
DIR PRICE,99381000015510001,INR,,,false,no_rounding,0,active,per_item,false,SCANGLE- PORTABLE THERMAL PRINTER,PTP,unit,1.00,1.00,1950.000000,
DIR PRICE,99381000015510001,INR,,,false,no_rounding,0,active,per_item,false,"POS TERMINAL  14"" Windows",664W14,unit,1.00,1.00,27300.000000,
DIR PRICE,99381000015510001,INR,,,false,no_rounding,0,active,per_item,false,Calibration Screw,SCREW,unit,1.00,1.00,5.000000,
DIR PRICE,99381000015510001,INR,,,false,no_rounding,0,active,per_item,false,ECS5W PRINTER ROLLER WITH HEAD,ECS820,unit,1.00,1.00,3400.000000,
DIR PRICE,99381000015510001,INR,,,false,no_rounding,0,active,per_item,false,ELECTRONIC PLATFORM SCALE 50-100kg(M),EPSM50,unit,1.00,1.00,1500.000000,
DIR PRICE,99381000015510001,INR,,,false,no_rounding,0,active,per_item,false,Water proof scale AD,DY798,unit,1.00,1.00,2200.000000,
DIR PRICE,99381000015510001,INR,,,false,no_rounding,0,active,per_item,false,Density Balance X600-2CM (610g/0.01g),YSJ612CM,unit,1.00,1.00,13000.000000,
DIR PRICE,99381000015510001,INR,,,false,no_rounding,0,active,per_item,false,"SCANGLE- PORTABLE THERMAL PRINTER 3""",PTP3,unit,1.00,1.00,2000.000000,
DIR PRICE,99381000015510001,INR,,,false,no_rounding,0,active,per_item,false,YSA GLASS SET ASSEMBLY,YGSA,unit,1.00,1.00,1800.000000,
DIR PRICE,99381000015510001,INR,,,false,no_rounding,0,active,per_item,false,Platform 1mx1m,PLT1000,unit,1.00,1.00,11000.000000,
DIR PRICE,99381000015510001,INR,,,false,no_rounding,0,active,per_item,false,Q9LBL printer head adjust spring big,Q9728,unit,1.00,1.00,40.000000,
DIR PRICE,99381000015510001,INR,,,false,no_rounding,0,active,per_item,false,Precision Balance JA603 (600g/0.001g),YSA603JA,unit,1.00,1.00,25000.000000,
DIR PRICE,99381000015510001,INR,,,false,no_rounding,0,active,per_item,false,Cord wire 2 pin,2PINCW,unit,1.00,1.00,60.000000,
DIR PRICE,99381000015510001,INR,,,false,no_rounding,0,active,per_item,false,YSA POWERCODE,YSAPOW,unit,1.00,1.00,190.000000,
DIR PRICE,99381000015510001,INR,,,false,no_rounding,0,active,per_item,false,ECS5W WEIGHING PAN,ECS803,unit,1.00,1.00,400.000000,
DIR PRICE,99381000015510001,INR,,,false,no_rounding,0,active,per_item,false,ATM PC Metalic Keypad,APC201,unit,1.00,1.00,120.000000,
DIR PRICE,99381000015510001,INR,,,false,no_rounding,0,active,per_item,false,PLATFORM LOAD CELL 400 KG,PLCK40,unit,1.00,1.00,500.000000,
DIR PRICE,99381000015510001,INR,,,false,no_rounding,0,active,per_item,false,Q9LBL POLE with plastic case set (blue ),Q9707,unit,1.00,1.00,750.000000,
DIR PRICE,99381000015510001,INR,,,false,no_rounding,0,active,per_item,false,Loadcell 150 kg: 3 Hole,LKH150,unit,1.00,1.00,280.000000,
DIR PRICE,99381000015510001,INR,,,false,no_rounding,0,active,per_item,false,Platform/Bench Bicolor Display,PBBD,unit,1.00,1.00,150.000000,
DIR PRICE,99381000015510001,INR,,,false,no_rounding,0,active,per_item,false,PLASTIC JUNCTION BOX,JBLC,unit,1.00,1.00,500.000000,
DIR PRICE,99381000015510001,INR,,,false,no_rounding,0,active,per_item,false,Chicken Scale Front Display (Green),CSFDG,unit,1.00,1.00,1300.000000,
DIR PRICE,99381000015510001,INR,,,false,no_rounding,0,active,per_item,false,Q9LBL Printer Roller,Q9716,unit,1.00,1.00,350.000000,
DIR PRICE,99381000015510001,INR,,,false,no_rounding,0,active,per_item,false,BY Display Bench Front and Back (Red LED),BY002,unit,1.00,1.00,245.000000,
DIR PRICE,99381000015510001,INR,,,false,no_rounding,0,active,per_item,false,Q9LBL printer roller metal base,Q9729,unit,1.00,1.00,120.000000,
DIR PRICE,99381000015510001,INR,,,false,no_rounding,0,active,per_item,false,APCPQ Pan,APCPQ1,unit,1.00,1.00,260.000000,
DIR PRICE,99381000015510001,INR,,,false,no_rounding,0,active,per_item,false,BPC50DAD2 Dust Cover,BDC502,unit,1.00,1.00,35.000000,
DIR PRICE,99381000015510001,INR,,,false,no_rounding,0,active,per_item,false,YSA MAGNETIC SENSOR,YSAMAG,unit,1.00,1.00,8500.000000,
DIR PRICE,99381000015510001,INR,,,false,no_rounding,0,active,per_item,false,ECS 5W TOP CASE,ECS802,unit,1.00,1.00,500.000000,
DIR PRICE,99381000015510001,INR,,,false,no_rounding,0,active,per_item,false,ATM PC Panel Sticker (Front and Back),APC203,unit,1.00,1.00,25.000000,
DIR PRICE,99381000015510001,INR,,,false,no_rounding,0,active,per_item,false,CHOTTU - T/z KEY,CH601,unit,1.00,1.00,20.000000,
DIR PRICE,99381000015510001,INR,,,false,no_rounding,0,active,per_item,false,ATM PC JUNIOR PAN,APJP,unit,1.00,1.00,260.000000,
DIR PRICE,99381000015510001,INR,,,false,no_rounding,0,active,per_item,false,Q9LBL POLE CONNECTOR,Q9708,unit,1.00,1.00,200.000000,
DIR PRICE,99381000015510001,INR,,,false,no_rounding,0,active,per_item,false,Loadcell 200KG 3 HOLE,LH2003,unit,1.00,1.00,280.000000,
DIR PRICE,99381000015510001,INR,,,false,no_rounding,0,active,per_item,false,DJ Power supply Card,DJ101,unit,1.00,1.00,240.000000,
DIR PRICE,99381000015510001,INR,,,false,no_rounding,0,active,per_item,false,ATM Junior Dust cover,AJDC,unit,1.00,1.00,65.000000,
DIR PRICE,99381000015510001,INR,,,false,no_rounding,0,active,per_item,false,ECS5W Pan support Leg,ECS827,unit,1.00,1.00,60.000000,
DIR PRICE,99381000015510001,INR,,,false,no_rounding,0,active,per_item,false,BY Display ATMPCP Front and Back (Green LED),BY003,unit,1.00,1.00,310.000000,
DIR PRICE,99381000015510001,INR,,,false,no_rounding,0,active,per_item,false,BY ATMPCP PIPE POLE,BY016,unit,1.00,1.00,85.000000,
DIR PRICE,99381000015510001,INR,,,false,no_rounding,0,active,per_item,false,Q9LBL printer metal turning board,Q9730,unit,1.00,1.00,75.000000,
DIR PRICE,99381000015510001,INR,,,false,no_rounding,0,active,per_item,false,APCQ Pole pipe,APCQPO,unit,1.00,1.00,88.000000,
DIR PRICE,99381000015510001,INR,,,false,no_rounding,0,active,per_item,false,SCANGLE - POS TERMINAL SGT-101 (A12PRO),SGT101116,unit,1.00,1.00,19500.000000,
DIR PRICE,99381000015510001,INR,,,false,no_rounding,0,active,per_item,false,Loadcell Protection cover 50KG 2HOLE,LPC,unit,1.00,1.00,135.000000,
DIR PRICE,99381000015510001,INR,,,false,no_rounding,0,active,per_item,false,ECS PRINTER CASE LID,ECS840,unit,1.00,1.00,60.000000,
DIR PRICE,99381000015510001,INR,,,false,no_rounding,0,active,per_item,false,YSA MAINBOARD,YSAMAI,unit,1.00,1.00,4600.000000,
DIR PRICE,99381000015510001,INR,,,false,no_rounding,0,active,per_item,false,Price Computing Scale-Touch,ATMPCT,unit,1.00,1.00,1950.000000,
DIR PRICE,99381000015510001,INR,,,false,no_rounding,0,active,per_item,false,ECS 5W /LBL  POS LEG,ECS801,unit,1.00,1.00,60.000000,
DIR PRICE,99381000015510001,INR,,,false,no_rounding,0,active,per_item,false,ATM PC Protection Dust Cover,APC204,unit,1.00,1.00,65.000000,
DIR PRICE,99381000015510001,INR,,,false,no_rounding,0,active,per_item,false,CHOTTU MOTHERBOARD - 99MB 6V,CH602,unit,1.00,1.00,210.000000,
DIR PRICE,99381000015510001,INR,,,false,no_rounding,0,active,per_item,false,BODY SET PLATFORM SCALE,PFPC504,unit,1.00,1.00,360.000000,
DIR PRICE,99381000015510001,INR,,,false,no_rounding,0,active,per_item,false,Q9LBL SILICON PAD,Q9709,unit,1.00,1.00,120.000000,
DIR PRICE,99381000015510001,INR,,,false,no_rounding,0,active,per_item,false,Loadcell 100 kg 25 x25- 40 mm 4 HOLE,LC100KG25X25,unit,1.00,1.00,400.000000,
DIR PRICE,99381000015510001,INR,,,false,no_rounding,0,active,per_item,false,DJ MOTHERBOARD,DJ102,unit,1.00,1.00,1150.000000,
DIR PRICE,99381000015510001,INR,,,false,no_rounding,0,active,per_item,false,PLATFORM SCALE 40X40,PF4040,unit,1.00,1.00,3000.000000,
DIR PRICE,99381000015510001,INR,,,false,no_rounding,0,active,per_item,false,MOTHER BOARD ATM PC TOUCH,MBAPT,unit,1.00,1.00,130.000000,
DIR PRICE,99381000015510001,INR,,,false,no_rounding,0,active,per_item,false,BY Keypad Bench 4x5,BY004,unit,1.00,1.00,130.000000,
DIR PRICE,99381000015510001,INR,,,false,no_rounding,0,active,per_item,false,BY ATMPCP POLE CONNECTOR,BY017,unit,1.00,1.00,85.000000,
DIR PRICE,99381000015510001,INR,,,false,no_rounding,0,active,per_item,false,Q9LBL printer rolling limit pole,Q9731,unit,1.00,1.00,60.000000,
DIR PRICE,99381000015510001,INR,,,false,no_rounding,0,active,per_item,false,APCPQ Leg,APCPQL,unit,1.00,1.00,25.000000,
DIR PRICE,99381000015510001,INR,,,false,no_rounding,0,active,per_item,false,"Portable POS 5"" Q3",Q3,unit,1.00,1.00,9250.000000,
DIR PRICE,99381000015510001,INR,,,false,no_rounding,0,active,per_item,false,BPC50DAD2 Loadcell and Indicator connector,BLAIC5,unit,1.00,1.00,15.000000,
DIR PRICE,99381000015510001,INR,,,false,no_rounding,0,active,per_item,false,BY Bench Dual Display Front & Back (Green & Red LED),BY019,unit,1.00,1.00,275.000000,
DIR PRICE,99381000015510001,INR,,,false,no_rounding,0,active,per_item,false,YSA ADAPTOR,YSAADA,unit,1.00,1.00,450.000000,
DIR PRICE,99381000015510001,INR,,,false,no_rounding,0,active,per_item,false,ATM PC/JUNIOR Back Display Board,APC207,unit,1.00,1.00,110.000000,
DIR PRICE,99381000015510001,INR,,,false,no_rounding,0,active,per_item,false,MOTHERBOARD  CHOTTU - 99MB 4V,CH603,unit,1.00,1.00,205.000000,
DIR PRICE,99381000015510001,INR,,,false,no_rounding,0,active,per_item,false,BODY SET ATM PC TOUCH,TPC306,unit,1.00,1.00,300.000000,
DIR PRICE,99381000015510001,INR,,,false,no_rounding,0,active,per_item,false,Q9LBL DISPLAY STICKER FRONT,Q9710,unit,1.00,1.00,125.000000,
DIR PRICE,99381000015510001,INR,,,false,no_rounding,0,active,per_item,false,Loadcell 200 kg 25 x25- 40 mm 4 HOLE,LC200,unit,1.00,1.00,410.000000,
DIR PRICE,99381000015510001,INR,,,false,no_rounding,0,active,per_item,false,DJ LOADCELL,DJ103,unit,1.00,1.00,625.000000,
DIR PRICE,99381000015510001,INR,,,false,no_rounding,0,active,per_item,false,DIGIT WITH DECIMAL,BGC210,unit,1.00,1.00,10.000000,
DIR PRICE,99381000015510001,INR,,,false,no_rounding,0,active,per_item,false,BY Keypad ATMPCP & ATMPCW,BY005,unit,1.00,1.00,130.000000,
DIR PRICE,99381000015510001,INR,,,false,no_rounding,0,active,per_item,false,BY ATMPCP FRONT/REAR HOUSING,BY018,unit,1.00,1.00,225.000000,
DIR PRICE,99381000015510001,INR,,,false,no_rounding,0,active,per_item,false,Q9LBL printer  paper rolling pole,Q9732,unit,1.00,1.00,50.000000,
DIR PRICE,99381000015510001,INR,,,false,no_rounding,0,active,per_item,false,APCPQ Keypad,APCPQK,unit,1.00,1.00,130.000000,
DIR PRICE,99381000015510001,INR,,,false,no_rounding,0,active,per_item,false,AY ATM PC-WH Front Display board,AAPWFD,unit,1.00,1.00,180.000000,
DIR PRICE,99381000015510001,INR,,,false,no_rounding,0,active,per_item,false,U4 8720 CHIP,UC4872,unit,1.00,1.00,250.000000,
DIR PRICE,99381000015510001,INR,,,false,no_rounding,0,active,per_item,false,AY ATM PC-Pan,AAPP,unit,1.00,1.00,280.000000,
DIR PRICE,99381000015510001,INR,,,false,no_rounding,0,active,per_item,false,Shear Beam Loadcell Imported 1000kg,SBLI10,unit,1.00,1.00,500.000000,
DIR PRICE,99381000015510001,INR,,,false,no_rounding,0,active,per_item,false,Load Cell 40kg ATM PC/TOUCH/JUNIOR/WATERPROOF,APC208,unit,1.00,1.00,160.000000,
DIR PRICE,99381000015510001,INR,,,false,no_rounding,0,active,per_item,false,CHOTTU - BATTERY (8507) 4V,CH604,unit,1.00,1.00,105.000000,
DIR PRICE,99381000015510001,INR,,,false,no_rounding,0,active,per_item,false,Body set ATM PC,APC211,unit,1.00,1.00,300.000000,
DIR PRICE,99381000015510001,INR,,,false,no_rounding,0,active,per_item,false,Q9LBL DISPLAY STICKER BACK,Q9711,unit,1.00,1.00,125.000000,
DIR PRICE,99381000015510001,INR,,,false,no_rounding,0,active,per_item,false,Loadcell 300 kg 25 x25- 40 mm 4 HOLE,LC300,unit,1.00,1.00,410.000000,
DIR PRICE,99381000015510001,INR,,,false,no_rounding,0,active,per_item,false,DJ ADAPTER,DJ104,unit,1.00,1.00,420.000000,
DIR PRICE,99381000015510001,INR,,,false,no_rounding,0,active,per_item,false,KEYPAD BOARD ATM JUNIOR,KBAJ,unit,1.00,1.00,130.000000,
DIR PRICE,99381000015510001,INR,,,false,no_rounding,0,active,per_item,false,Label Indicator,LBLIND,unit,1.00,1.00,17500.000000,
DIR PRICE,99381000015510001,INR,,,false,no_rounding,0,active,per_item,false,"SCANGLE-POS TERMINAL SGT- 664 i5 15.6""",SGT664HDD280,unit,1.00,1.00,30000.000000,
DIR PRICE,99381000015510001,INR,,,false,no_rounding,0,active,per_item,false,Bill Printing scale Q8POS (UB),ECS5WW,unit,1.00,1.00,12500.000000,
DIR PRICE,99381000015510001,INR,,,false,no_rounding,0,active,per_item,false,Platform 1.5mx1.5m,PLT1500,unit,1.00,1.00,18500.000000,
DIR PRICE,99381000015510001,INR,,,false,no_rounding,0,active,per_item,false,ELECTRONICS SCALE - PLATFOM MS,MSCKNSCALE40X40,unit,1.00,1.00,2650.000000,
DIR PRICE,99381000015510001,INR,,,false,no_rounding,0,active,per_item,false,Price Computing Scale with Pole-Green,ATMPCPBY828B,unit,1.00,1.00,2200.000000,
DIR PRICE,99381000015510001,INR,,,false,no_rounding,0,active,per_item,false,PLATFORM PRICE COMPUTING SCALE (RED),GR2204R,unit,1.00,1.00,2450.000000,
DIR PRICE,99381000015510001,INR,,,false,no_rounding,0,active,per_item,false,Price Computing Scale-W,ATMPCW,unit,1.00,1.00,2500.000000,
DIR PRICE,99381000015510001,INR,,,false,no_rounding,0,active,per_item,false,Platform scale -Bench,DY5030,unit,1.00,1.00,1000.000000,
DIR PRICE,99381000015510001,INR,,,false,no_rounding,0,active,per_item,false,PLATFORM PRICE COMPUTING SCALE (GREEN),GG2204G,unit,1.00,1.00,1100.000000,
DIR PRICE,99381000015510001,INR,,,false,no_rounding,0,active,per_item,false,DIGIT WITHOUT DECIMAL DECIMAL (GREEN),BGC211,unit,1.00,1.00,8.000000,
DIR PRICE,99381000015510001,INR,,,false,no_rounding,0,active,per_item,false,BY Motherboard Bench & ATMPCP,BY006,unit,1.00,1.00,180.000000,
DIR PRICE,99381000015510001,INR,,,false,no_rounding,0,active,per_item,false,BY ATMPCW Display Front and Back( Red LED),BY015,unit,1.00,1.00,195.000000,
DIR PRICE,99381000015510001,INR,,,false,no_rounding,0,active,per_item,false,Q9LBL printer  rubber rolling case,Q9733,unit,1.00,1.00,60.000000,
DIR PRICE,99381000015510001,INR,,,false,no_rounding,0,active,per_item,false,APCPQ Body set top case,ABSTC,unit,1.00,1.00,320.000000,
DIR PRICE,99381000015510001,INR,,,false,no_rounding,0,active,per_item,false,SCANGLE - POS TERMINAL SGT-A7,SGTA714A12,unit,1.00,1.00,22750.000000,
DIR PRICE,99381000015510001,INR,,,false,no_rounding,0,active,per_item,false,AY ATM PC-WH Front Display Sticker,AAPWF1,unit,1.00,1.00,90.000000,
DIR PRICE,99381000015510001,INR,,,false,no_rounding,0,active,per_item,false,U9/U1O 53R/50,UU9153,unit,1.00,1.00,250.000000,
DIR PRICE,99381000015510001,INR,,,false,no_rounding,0,active,per_item,false,"SPOS Customer support,Vendor support",SPOSSW11,unit,1.00,1.00,849.000000,
DIR PRICE,99381000015510001,INR,,,false,no_rounding,0,active,per_item,false,Government Stamping Fee /Expense for 30 kg,SF30,unit,1.00,1.00,485.000000,
DIR PRICE,99381000015510001,INR,,,false,no_rounding,0,active,per_item,false,ATM PC KEYPAD BOARD,APC202,unit,1.00,1.00,120.000000,
DIR PRICE,99381000015510001,INR,,,false,no_rounding,0,active,per_item,false,Panel Sticker With Keypad ATM PC Touch,TPC301,unit,1.00,1.00,60.000000,
DIR PRICE,99381000015510001,INR,,,false,no_rounding,0,active,per_item,false,ATM PC WEIGH PAN,APC214,unit,1.00,1.00,260.000000,
DIR PRICE,99381000015510001,INR,,,false,no_rounding,0,active,per_item,false,Q9LBL KEYBOARD STICKER,Q9712,unit,1.00,1.00,185.000000,
DIR PRICE,99381000015510001,INR,,,false,no_rounding,0,active,per_item,false,Loadcell 500 kg 25 x25- 40 mm 4 HOLE,LC500,unit,1.00,1.00,410.000000,
DIR PRICE,99381000015510001,INR,,,false,no_rounding,0,active,per_item,false,DJ FRONTDISPALY,DJ105,unit,1.00,1.00,750.000000,
DIR PRICE,99381000015510001,INR,,,false,no_rounding,0,active,per_item,false,MG Sensor CCM,CCM113,unit,1.00,1.00,290.000000,
DIR PRICE,99381000015510001,INR,,,false,no_rounding,0,active,per_item,false,SPARES PARTS BMI 180,BMISPARE,unit,1.00,1.00,3900.000000,
DIR PRICE,99381000015510001,INR,,,false,no_rounding,0,active,per_item,false,CHICKEN SCALE 50KG MS,CSM50,unit,1.00,1.00,2350.000000,
DIR PRICE,99381000015510001,INR,,,false,no_rounding,0,active,per_item,false,PAN BENCH 300x340,BGC212,unit,1.00,1.00,300.000000,
DIR PRICE,99381000015510001,INR,,,false,no_rounding,0,active,per_item,false,BY Motherboard ATMPCW,BY007,unit,1.00,1.00,150.000000,
DIR PRICE,99381000015510001,INR,,,false,no_rounding,0,active,per_item,false,Government Stamping Fee /Expense for 205.0086g,SF205,unit,1.00,1.00,485.000000,
DIR PRICE,99381000015510001,INR,,,false,no_rounding,0,active,per_item,false,Q9LBL printer  nylon gear,Q9734,unit,1.00,1.00,40.000000,
DIR PRICE,99381000015510001,INR,,,false,no_rounding,0,active,per_item,false,APCPQ Body set bottom case,ABSBC,unit,1.00,1.00,380.000000,
DIR PRICE,99381000015510001,INR,,,false,no_rounding,0,active,per_item,false,"SCANGLE - POS TERMINAL SGT-668A 14""",SGT665A14,unit,1.00,1.00,17500.000000,
DIR PRICE,99381000015510001,INR,,,false,no_rounding,0,active,per_item,false,AY ATM PC-WH Back Display Sticker,AAPWBD,unit,1.00,1.00,90.000000,
DIR PRICE,99381000015510001,INR,,,false,no_rounding,0,active,per_item,false,ECS PRINTER GEAR SMALL,EPGS,unit,1.00,1.00,75.000000,
DIR PRICE,99381000015510001,INR,,,false,no_rounding,0,active,per_item,false,PRICE COMPUTING SCALE - WHITE - EC(AY),ATMPCWHEC,unit,1.00,1.00,900.000000,
DIR PRICE,99381000015510001,INR,,,false,no_rounding,0,active,per_item,false,Government Stamping Fee / Expense for 50kg,SF50,unit,1.00,1.00,485.000000,
DIR PRICE,99381000015510001,INR,,,false,no_rounding,0,active,per_item,false,ATM PC FRONT DISPLAY BOARD,APC206,unit,1.00,1.00,130.000000,
DIR PRICE,99381000015510001,INR,,,false,no_rounding,0,active,per_item,false,Touch Keypad ATM PC Touch,TPC302,unit,1.00,1.00,220.000000,
DIR PRICE,99381000015510001,INR,,,false,no_rounding,0,active,per_item,false,ATM JUNIOR YS669,YS669,unit,1.00,1.00,1790.000000,
DIR PRICE,99381000015510001,INR,,,false,no_rounding,0,active,per_item,false,ECS 5W BODY SET,ECS821,unit,1.00,1.00,1000.000000,
DIR PRICE,99381000015510001,INR,,,false,no_rounding,0,active,per_item,false,Q9LBL WEIGHING PAN,Q9713,unit,1.00,1.00,600.000000,
DIR PRICE,99381000015510001,INR,,,false,no_rounding,0,active,per_item,false,Loadcell 300 kg 25 x35  4 HOLE,LC300KG25X35,unit,1.00,1.00,600.000000,
DIR PRICE,99381000015510001,INR,,,false,no_rounding,0,active,per_item,false,DJ DISPLAY STICKER,DJ106,unit,1.00,1.00,100.000000,
DIR PRICE,99381000015510001,INR,,,false,no_rounding,0,active,per_item,false,Loadcell Cable Roll,LCCABLE,unit,1.00,1.00,1500.000000,
DIR PRICE,99381000015510001,INR,,,false,no_rounding,0,active,per_item,false,Plastic Housing Keyboard(OEM Bench),BGC213,unit,1.00,1.00,25.000000,
DIR PRICE,99381000015510001,INR,,,false,no_rounding,0,active,per_item,false,BY ATMPCP Body Set( Base),BY008,unit,1.00,1.00,360.000000,
DIR PRICE,99381000015510001,INR,,,false,no_rounding,0,active,per_item,false,IND 202 Motherboard,IM202,unit,1.00,1.00,240.000000,
DIR PRICE,99381000015510001,INR,,,false,no_rounding,0,active,per_item,false,Q9LBL printer  5 pin 150-190ph wires,Q9735,unit,1.00,1.00,60.000000,
DIR PRICE,99381000015510001,INR,,,false,no_rounding,0,active,per_item,false,APCPQ Pole Display case,APDC,unit,1.00,1.00,150.000000,
DIR PRICE,99381000015510001,INR,,,false,no_rounding,0,active,per_item,false,APCPQ Pole connector,APCPQ3,unit,1.00,1.00,60.000000,
DIR PRICE,99381000015510001,INR,,,false,no_rounding,0,active,per_item,false,ECS PRINTER GEAR BIG,EPGB,unit,1.00,1.00,110.000000,
DIR PRICE,99381000015510001,INR,,,false,no_rounding,0,active,per_item,false,PLATFORM SCALE-BENCH(GREEN-EC),BPCGEC,unit,1.00,1.00,1350.000000,
DIR PRICE,99381000015510001,INR,,,false,no_rounding,0,active,per_item,false,Electronic cash register,ECR,unit,1.00,1.00,9500.000000,
DIR PRICE,99381000015510001,INR,,,false,no_rounding,0,active,per_item,false,ATM/BENCH PC MOTHER BOARD,BPC114,unit,1.00,1.00,160.000000,
DIR PRICE,99381000015510001,INR,,,false,no_rounding,0,active,per_item,false,Panel Sticker (Front and Back) ATM PC Waterproof,WPC401,unit,1.00,1.00,35.000000,
DIR PRICE,99381000015510001,INR,,,false,no_rounding,0,active,per_item,false,ECS5W  KEYPAD SILICON PAD,ECS822,unit,1.00,1.00,120.000000,
DIR PRICE,99381000015510001,INR,,,false,no_rounding,0,active,per_item,false,CHOTTU BATTERY 6V,CH605,unit,1.00,1.00,243.000000,
DIR PRICE,99381000015510001,INR,,,false,no_rounding,0,active,per_item,false,Loadcell 500 kg 25 x35 4 HOLE,LKXH50,unit,1.00,1.00,640.000000,
DIR PRICE,99381000015510001,INR,,,false,no_rounding,0,active,per_item,false,Label Printing Scale Q9,Q9LBL,unit,1.00,1.00,12500.000000,
DIR PRICE,99381000015510001,INR,,,false,no_rounding,0,active,per_item,false,Shear Beam Loadcell Imported 500Kg,SBLI50,unit,1.00,1.00,500.000000,
DIR PRICE,99381000015510001,INR,,,false,no_rounding,0,active,per_item,false,4 Pin Metal Connector,4PINC,unit,1.00,1.00,30.000000,
DIR PRICE,99381000015510001,INR,,,false,no_rounding,0,active,per_item,false,PRICE COMPUTING INDICATOR.,PRCIND2,unit,1.00,1.00,1200.000000,
DIR PRICE,99381000015510001,INR,,,false,no_rounding,0,active,per_item,false,BY ATMPCW Body Set,BY009,unit,1.00,1.00,360.000000,
DIR PRICE,99381000015510001,INR,,,false,no_rounding,0,active,per_item,false,ATM JUNIOR FRONT DISPLAY(GREEN),AJFDG,unit,1.00,1.00,180.000000,
DIR PRICE,99381000015510001,INR,,,false,no_rounding,0,active,per_item,false,Q9LBL printer  15pin 150pj-180ph wires,Q9736,unit,1.00,1.00,185.000000,
DIR PRICE,99381000015510001,INR,,,false,no_rounding,0,active,per_item,false,APCQ BottomFront Display,APCQBO,unit,1.00,1.00,130.000000,
DIR PRICE,99381000015510001,INR,,,false,no_rounding,0,active,per_item,false,Q8LBL POLE CONNECTOR,Q8616,unit,1.00,1.00,200.000000,
DIR PRICE,99381000015510001,INR,,,false,no_rounding,0,active,per_item,false,CHICKEN SCALE 300KG MS,CS400X400MS,unit,1.00,1.00,3600.000000,
DIR PRICE,99381000015510001,INR,,,false,no_rounding,0,active,per_item,false,RMC Connector 5 Pin,RCP5,unit,1.00,1.00,8.000000,
DIR PRICE,99381000015510001,INR,,,false,no_rounding,0,active,per_item,false,ATM PC Pole,APCPQ,unit,1.00,1.00,1900.000000,
DIR PRICE,99381000015510001,INR,,,false,no_rounding,0,active,per_item,false,Shear Beam Loadcell 1.5 T WITH FOOT,SBLTWF,unit,1.00,1.00,500.000000,
DIR PRICE,99381000015510001,INR,,,false,no_rounding,0,active,per_item,false,Government Stamping Fee /Expense for 200kg/300kg,SF200300,unit,1.00,1.00,565.000000,
DIR PRICE,99381000015510001,INR,,,false,no_rounding,0,active,per_item,false,Front and Back Display(Green) PFPC(Q),FABDGP,unit,1.00,1.00,345.000000,
DIR PRICE,99381000015510001,INR,,,false,no_rounding,0,active,per_item,false,BENCH PC   GREEN INDICATOR TOP CASE,BPCG003,unit,1.00,1.00,160.000000,
DIR PRICE,99381000015510001,INR,,,false,no_rounding,0,active,per_item,false,Body / Housing Front (B3+),BHFB3,unit,1.00,1.00,220.000000,
DIR PRICE,99381000015510001,INR,,,false,no_rounding,0,active,per_item,false,Q9LBL DISPLAY PLASTIC CASE SET,Q9752,unit,1.00,1.00,280.000000,
DIR PRICE,99381000015510001,INR,,,false,no_rounding,0,active,per_item,false,ATM30DAD1 Body set top case,ABSTC3,unit,1.00,1.00,320.000000,
DIR PRICE,99381000015510001,INR,,,false,no_rounding,0,active,per_item,false,Government Stamping Fee / Expense for 15kg/30kg,SF1530,unit,1.00,1.00,485.000000,
DIR PRICE,99381000015510001,INR,,,false,no_rounding,0,active,per_item,false,CCM DISPLAY KEYPAD-AL800,CDKA80,unit,1.00,1.00,130.000000,
DIR PRICE,99381000015510001,INR,,,false,no_rounding,0,active,per_item,false,PLATFORM SCALE-BENCH(GREEN-O),BPCG,unit,1.00,1.00,2200.000000,
DIR PRICE,99381000015510001,INR,,,false,no_rounding,0,active,per_item,false,AY ATMPC-WH Body set (Top),AAWBST,unit,1.00,1.00,260.000000,
DIR PRICE,99381000015510001,INR,,,false,no_rounding,0,active,per_item,false,Q9/Q10LBL OEM KEYPAD STICKER (BLACK),Q9748,unit,1.00,1.00,185.000000,
DIR PRICE,99381000015510001,INR,,,false,no_rounding,0,active,per_item,false,SCANGLE - THERMAL PRINTER SGT-88IV(USB),EC8004L,unit,1.00,1.00,3600.000000,
DIR PRICE,99381000015510001,INR,,,false,no_rounding,0,active,per_item,false,SPOS Additional 1000 products,SPOSSW03,unit,1.00,1.00,849.000000,
DIR PRICE,99381000015510001,INR,,,false,no_rounding,0,active,per_item,false,ATM PC AD dual,ATMADG,unit,1.00,1.00,850.000000,
DIR PRICE,99381000015510001,INR,,,false,no_rounding,0,active,per_item,false,TMA HANGING SCALE KEYBOARD STICKER,HAG004,unit,1.00,1.00,170.000000,
DIR PRICE,99381000015510001,INR,,,false,no_rounding,0,active,per_item,false,Floor Scale Indicator,FSIND,unit,1.00,1.00,1800.000000,
DIR PRICE,99381000015510001,INR,,,false,no_rounding,0,active,per_item,false,Table Top Scale SF 220x170  10kg/1g,TTSS22,unit,1.00,1.00,1150.000000,
DIR PRICE,99381000015510001,INR,,,false,no_rounding,0,active,per_item,false,Government Stamping Fee / Expense for 100Kg,SF100,unit,1.00,1.00,485.000000,
DIR PRICE,99381000015510001,INR,,,false,no_rounding,0,active,per_item,false,BOTTOM CASE BENCH PC,BPC116,unit,1.00,1.00,190.000000,
DIR PRICE,99381000015510001,INR,,,false,no_rounding,0,active,per_item,false,Q8/Q9LBL /Q10 KEYPAD BOARD,Q8605,unit,1.00,1.00,1200.000000,
DIR PRICE,99381000015510001,INR,,,false,no_rounding,0,active,per_item,false,SAFAL 800X800,DWS800X800,unit,1.00,1.00,6600.000000,
DIR PRICE,99381000015510001,INR,,,false,no_rounding,0,active,per_item,false,AC Cord wire CPU Cord(3 yard),CW3X3,unit,1.00,1.00,62.000000,
DIR PRICE,99381000015510001,INR,,,false,no_rounding,0,active,per_item,false,DJ EXTERNAL DISPLAY,DJ107,unit,1.00,1.00,375.000000,
DIR PRICE,99381000015510001,INR,,,false,no_rounding,0,active,per_item,false,Indicator-A3,INDA3,unit,1.00,1.00,1210.000000,
DIR PRICE,99381000015510001,INR,,,false,no_rounding,0,active,per_item,false,Platform Loadcell 180kg,PLC180,unit,1.00,1.00,245.000000,
DIR PRICE,99381000015510001,INR,,,false,no_rounding,0,active,per_item,false,ECS4W FRONT AND BACK DISPLAY STICKER,ECS703,unit,1.00,1.00,125.000000,
DIR PRICE,99381000015510001,INR,,,false,no_rounding,0,active,per_item,false,Q10 ECS/LBL FRONT DISPLAY,QELFD1,unit,1.00,1.00,3120.000000,
DIR PRICE,99381000015510001,INR,,,false,no_rounding,0,active,per_item,false,Government Stamping Fee / Expense for 600.81g,SF60081,unit,1.00,1.00,485.000000,
DIR PRICE,99381000015510001,INR,,,false,no_rounding,0,active,per_item,false,PRICE COMPUTING SCALE - WHITE (AY),ATMPCWH,unit,1.00,1.00,1500.000000,
DIR PRICE,99381000015510001,INR,,,false,no_rounding,0,active,per_item,false,AY ATMPC-WH Body set (Base),AAWBSB,unit,1.00,1.00,160.000000,
DIR PRICE,99381000015510001,INR,,,false,no_rounding,0,active,per_item,false,ECS5W/Q10LBL OEM KEYPAD STICKER (BLACK),ECS835,unit,1.00,1.00,90.000000,
DIR PRICE,99381000015510001,INR,,,false,no_rounding,0,active,per_item,false,SCANGLE - BARCODE SCANNER 1D WIRELESS-EF09,EF09,unit,1.00,1.00,1800.000000,
DIR PRICE,99381000015510001,INR,,,false,no_rounding,0,active,per_item,false,SPOS KOT Support,SPOSSW04,unit,1.00,1.00,2099.000000,
DIR PRICE,99381000015510001,INR,,,false,no_rounding,0,active,per_item,false,CCM DONGLE,CCM117,unit,1.00,1.00,690.000000,
DIR PRICE,99381000015510001,INR,,,false,no_rounding,0,active,per_item,false,TMA PRINTER ROLLER WASHER,Q9718,unit,1.00,1.00,120.000000,
DIR PRICE,99381000015510001,INR,,,false,no_rounding,0,active,per_item,false,ECS5W SMPS 7V,ECS817,unit,1.00,1.00,825.000000,
DIR PRICE,99381000015510001,INR,,,false,no_rounding,0,active,per_item,false,Government Stamping Fee / Expense for 2000kg,SF2000,unit,1.00,1.00,980.000000,
DIR PRICE,99381000015510001,INR,,,false,no_rounding,0,active,per_item,false,BATTERY 4V (ATM & Bench Pc),APC209,unit,1.00,1.00,195.000000,
DIR PRICE,99381000015510001,INR,,,false,no_rounding,0,active,per_item,false,TOP CASE BENCH PC,BPC117,unit,1.00,1.00,190.000000,
DIR PRICE,99381000015510001,INR,,,false,no_rounding,0,active,per_item,false,Q8LBL BODY SET,Q8606,unit,1.00,1.00,1500.000000,
DIR PRICE,99381000015510001,INR,,,false,no_rounding,0,active,per_item,false,Spare Parts,SPARE,unit,1.00,1.00,5000.000000,
DIR PRICE,99381000015510001,INR,,,false,no_rounding,0,active,per_item,false,CPU Socket 3 Pin,CSP3,unit,1.00,1.00,18.000000,
DIR PRICE,99381000015510001,INR,,,false,no_rounding,0,active,per_item,false,Government Stamping Fee / Expense for 620.81g,SF62081,unit,1.00,1.00,485.000000,
DIR PRICE,99381000015510001,INR,,,false,no_rounding,0,active,per_item,false,Single Display Indicator-G1,INDG1,unit,1.00,1.00,820.000000,
DIR PRICE,99381000015510001,INR,,,false,no_rounding,0,active,per_item,false,Bench PLT Indicator Cover Base,BPICB,unit,1.00,1.00,160.000000,
DIR PRICE,99381000015510001,INR,,,false,no_rounding,0,active,per_item,false,MOTHERBOARD - TMA - Wifi,Q8623,unit,1.00,1.00,5900.000000,
DIR PRICE,99381000015510001,INR,,,false,no_rounding,0,active,per_item,false,Q10 LBL FRONT DISPLAY LCD,QLFDL1,unit,1.00,1.00,1040.000000,
DIR PRICE,99381000015510001,INR,,,false,no_rounding,0,active,per_item,false,PRICE COMPUTING SCALE - GOLD,ATMGL,unit,1.00,1.00,1890.000000,
DIR PRICE,99381000015510001,INR,,,false,no_rounding,0,active,per_item,false,PLATFORM SCALE -BENCH (DUAL-AD),BPC50DAD2,unit,1.00,1.00,2100.000000,
DIR PRICE,99381000015510001,INR,,,false,no_rounding,0,active,per_item,false,AY ATM PC-WH Weigh pan leg,AAPWWP,unit,1.00,1.00,20.000000,
DIR PRICE,99381000015510001,INR,,,false,no_rounding,0,active,per_item,false,ECS5W/Q10LBL KEYPAD STICKER (BLACK),ECS836,unit,1.00,1.00,185.000000,
DIR PRICE,99381000015510001,INR,,,false,no_rounding,0,active,per_item,false,ATM PC GREEN FRONT DISPLAY,APGFD,unit,1.00,1.00,160.000000,
DIR PRICE,99381000015510001,INR,,,false,no_rounding,0,active,per_item,false,SPOS Additional one terminal,SPOSSW05,unit,1.00,1.00,449.000000,
DIR PRICE,99381000015510001,INR,,,false,no_rounding,0,active,per_item,false,ENCODING SENSOR CCM-AL800,ESCA80,unit,1.00,1.00,140.000000,
DIR PRICE,99381000015510001,INR,,,false,no_rounding,0,active,per_item,false,TMA PRINTER RUBBER WASHER,Q9721,unit,1.00,1.00,120.000000,
DIR PRICE,99381000015510001,INR,,,false,no_rounding,0,active,per_item,false,ECS5W POWER SUPPLY BOARD,ECS816,unit,1.00,1.00,250.000000,
DIR PRICE,99381000015510001,INR,,,false,no_rounding,0,active,per_item,false,Government Stamping Fee  /Expense for 1000kg,SF1000,unit,1.00,1.00,565.000000,
DIR PRICE,99381000015510001,INR,,,false,no_rounding,0,active,per_item,false,Indicator K12,K12,unit,1.00,1.00,1430.000000,
DIR PRICE,99381000015510001,INR,,,false,no_rounding,0,active,per_item,false,DC MOTOR CCM,CCM103,unit,1.00,1.00,270.000000,
DIR PRICE,99381000015510001,INR,,,false,no_rounding,0,active,per_item,false,Q8LBL CROSS STAND,Q8608,unit,1.00,1.00,400.000000,
DIR PRICE,99381000015510001,INR,,,false,no_rounding,0,active,per_item,false,K12 -MOTHER BOARD,K1201,unit,1.00,1.00,450.000000,
DIR PRICE,99381000015510001,INR,,,false,no_rounding,0,active,per_item,false,ON/OFF SWITCH,SWITCH,unit,1.00,1.00,5.000000,
DIR PRICE,99381000015510001,INR,,,false,no_rounding,0,active,per_item,false,ATM PC LEG,APCLEG,unit,1.00,1.00,25.000000,
DIR PRICE,99381000015510001,INR,,,false,no_rounding,0,active,per_item,false,Shearbeam Loadcell 2000kg,SBLC2T,unit,1.00,1.00,715.000000,
DIR PRICE,99381000015510001,INR,,,false,no_rounding,0,active,per_item,false,Bench PLT Indicator Cover Top,BPICT,unit,1.00,1.00,160.000000,
DIR PRICE,99381000015510001,INR,,,false,no_rounding,0,active,per_item,false,PRC CKN Display and Keypad Unit,PCDAKU,unit,1.00,1.00,255.000000,
DIR PRICE,99381000015510001,INR,,,false,no_rounding,0,active,per_item,false,Q10 LBL BACK DISPLAY,QLBD10,unit,1.00,1.00,1040.000000,
DIR PRICE,99381000015510001,INR,,,false,no_rounding,0,active,per_item,false,PRICE COMPUTING SCALE (DUAL-AD),ATM30DAD1,unit,1.00,1.00,1450.000000,
DIR PRICE,99381000015510001,INR,,,false,no_rounding,0,active,per_item,false,Motherboard (B3+),MOTHER,unit,1.00,1.00,350.000000,
DIR PRICE,99381000015510001,INR,,,false,no_rounding,0,active,per_item,false,ECS5W/Q10 OEM FRONT DISPLAY STICKER (BLACK),ECS837,unit,1.00,1.00,90.000000,
DIR PRICE,99381000015510001,INR,,,false,no_rounding,0,active,per_item,false,LOAD CELL PROTECTION COVER 700KG,LCPC70,unit,1.00,1.00,150.000000,
DIR PRICE,99381000015510001,INR,,,false,no_rounding,0,active,per_item,false,SPOS Additional one user,SPOSSW06,unit,1.00,1.00,449.000000,
DIR PRICE,99381000015510001,INR,,,false,no_rounding,0,active,per_item,false,STACKER SENSOR (IR EMITTER & RECEIVER)CCM-AL800,SSIERC,unit,1.00,1.00,125.000000,
DIR PRICE,99381000015510001,INR,,,false,no_rounding,0,active,per_item,false,TMA HANGING SCALE KEYBOARD,HAG005,unit,1.00,1.00,1350.000000,
DIR PRICE,99381000015510001,INR,,,false,no_rounding,0,active,per_item,false,ECS5W MOTHER BOARD,ECS815,unit,1.00,1.00,5900.000000,
DIR PRICE,99381000015510001,INR,,,false,no_rounding,0,active,per_item,false,SERVICE CHARGE,SC,unit,1.00,1.00,0.000000,
DIR PRICE,99381000015510001,INR,,,false,no_rounding,0,active,per_item,false,Label Printing scale Q9,TMAQ9,unit,1.00,1.00,12500.000000,
DIR PRICE,99381000015510001,INR,,,false,no_rounding,0,active,per_item,false,DENOMINATION IR LED CCM,CCM104,unit,1.00,1.00,135.000000,
DIR PRICE,99381000015510001,INR,,,false,no_rounding,0,active,per_item,false,Q8LBL LABEL GAP SENSOR,Q8613,unit,1.00,1.00,90.000000,
DIR PRICE,99381000015510001,INR,,,false,no_rounding,0,active,per_item,false,K12 DOME KEYPAD,K1202,unit,1.00,1.00,75.000000,
DIR PRICE,99381000015510001,INR,,,false,no_rounding,0,active,per_item,false,Push Tare Switch Metal Type,PTSMT,unit,1.00,1.00,20.000000,
DIR PRICE,99381000015510001,INR,,,false,no_rounding,0,active,per_item,false,ATM JUNIOR FRONT DISPLAY STICKER,AJFDS,unit,1.00,1.00,20.000000,
DIR PRICE,99381000015510001,INR,,,false,no_rounding,0,active,per_item,false,Windshield 0.1MG,WINDSH,unit,1.00,1.00,2500.000000,
DIR PRICE,99381000015510001,INR,,,false,no_rounding,0,active,per_item,false,Front and Back Display((Red) PFPC(Q),FABDRP,unit,1.00,1.00,275.000000,
DIR PRICE,99381000015510001,INR,,,false,no_rounding,0,active,per_item,false,Q10 ECS POLE WITH HOLDER,QEPWH1,unit,1.00,1.00,208.000000,
DIR PRICE,99381000015510001,INR,,,false,no_rounding,0,active,per_item,false,Bench Scale AD F Dual,BPCADF,unit,1.00,1.00,1200.000000,
DIR PRICE,99381000015510001,INR,,,false,no_rounding,0,active,per_item,false,Display Board(B3+),DBB3,unit,1.00,1.00,170.000000,
DIR PRICE,99381000015510001,INR,,,false,no_rounding,0,active,per_item,false,Q9/Q10LBL KEYPAD STICKER (BLACK),Q9749,unit,1.00,1.00,185.000000,
DIR PRICE,99381000015510001,INR,,,false,no_rounding,0,active,per_item,false,LOAD CELL PROTECTION COVER 400KG,LCPC40,unit,1.00,1.00,100.000000,
DIR PRICE,99381000015510001,INR,,,false,no_rounding,0,active,per_item,false,SPOS External API support,SPOSSW07,unit,1.00,1.00,849.000000,
DIR PRICE,99381000015510001,INR,,,false,no_rounding,0,active,per_item,false,HOPPER SENSOR CCM-AL800,HSCA80,unit,1.00,1.00,240.000000,
DIR PRICE,99381000015510001,INR,,,false,no_rounding,0,active,per_item,false,Table Top Scale  220x170 ABS 6 Volt (G),TTABS6VG,unit,1.00,1.00,1375.000000,
DIR PRICE,99381000015510001,INR,,,false,no_rounding,0,active,per_item,false,ECS5W PRINTER,ECS814,unit,1.00,1.00,3200.000000,
DIR PRICE,99381000015510001,INR,,,false,no_rounding,0,active,per_item,false,Bench PC Keypad Board,BPC102,unit,1.00,1.00,130.000000,
DIR PRICE,99381000015510001,INR,,,false,no_rounding,0,active,per_item,false,UV SENSOR CCM,CCM105,unit,1.00,1.00,120.000000,
DIR PRICE,99381000015510001,INR,,,false,no_rounding,0,active,per_item,false,Q8LBL OUTER SENSOR,Q8614,unit,1.00,1.00,240.000000,
DIR PRICE,99381000015510001,INR,,,false,no_rounding,0,active,per_item,false,CHICKEN SCALE 100 KG SS,CS300X300SS,unit,1.00,1.00,2550.000000,
DIR PRICE,99381000015510001,INR,,,false,no_rounding,0,active,per_item,false,Push Tare Switch Normal Type,PTSNR,unit,1.00,1.00,15.000000,
DIR PRICE,99381000015510001,INR,,,false,no_rounding,0,active,per_item,false,Platform Front Display sticker,PFDS,unit,1.00,1.00,25.000000,
DIR PRICE,99381000015510001,INR,,,false,no_rounding,0,active,per_item,false,Platform Scale 30x40 Ben,BEN340,unit,1.00,1.00,1500.000000,
DIR PRICE,99381000015510001,INR,,,false,no_rounding,0,active,per_item,false,Machine Base 0.1MG,MB01,unit,1.00,1.00,16500.000000,
DIR PRICE,99381000015510001,INR,,,false,no_rounding,0,active,per_item,false,Keypad PFPC(Q),KEYPA3,unit,1.00,1.00,120.000000,
DIR PRICE,99381000015510001,INR,,,false,no_rounding,0,active,per_item,false,ECS 5W PRINTER PAPER-CUTTER PART,ECS830,unit,1.00,1.00,170.000000,
DIR PRICE,99381000015510001,INR,,,false,no_rounding,0,active,per_item,false,Keypad (B3+),KEYPA2,unit,1.00,1.00,170.000000,
DIR PRICE,99381000015510001,INR,,,false,no_rounding,0,active,per_item,false,Q10ECS/LBL DISPLAY STICKER FRONT,Q9750,unit,1.00,1.00,90.000000,
DIR PRICE,99381000015510001,INR,,,false,no_rounding,0,active,per_item,false,LOAD CELL PROTECTION 50 KG,LCPK50,unit,1.00,1.00,80.000000,
DIR PRICE,99381000015510001,INR,,,false,no_rounding,0,active,per_item,false,SPOS Image support,SPOSSW08,unit,1.00,1.00,449.000000,
DIR PRICE,99381000015510001,INR,,,false,no_rounding,0,active,per_item,false,UV SENSOR CCM-AL800,USCA80,unit,1.00,1.00,120.000000,
DIR PRICE,99381000015510001,INR,,,false,no_rounding,0,active,per_item,false,ECS5W CALIBRATION BOARD,ECS813,unit,1.00,1.00,150.000000,
DIR PRICE,99381000015510001,INR,,,false,no_rounding,0,active,per_item,false,Bench PC Panel Overlay Sticker,BPC103,unit,1.00,1.00,25.000000,
DIR PRICE,99381000015510001,INR,,,false,no_rounding,0,active,per_item,false,Electronic weighing scale DJ600,DJ600,unit,1.00,1.00,4400.000000,
DIR PRICE,99381000015510001,INR,,,false,no_rounding,0,active,per_item,false,STACKER SENSOR (IR EMITTER & RECEIVER)CCM,CCM106,unit,1.00,1.00,125.000000,
DIR PRICE,99381000015510001,INR,,,false,no_rounding,0,active,per_item,false,TMA LBL ROLLER MOTOR,Q8615,unit,1.00,1.00,950.000000,
DIR PRICE,99381000015510001,INR,,,false,no_rounding,0,active,per_item,false,CHICKEN SCALE 300KG SS,CS400X400SS,unit,1.00,1.00,3300.000000,
DIR PRICE,99381000015510001,INR,,,false,no_rounding,0,active,per_item,false,Keypad,KEYPA1,unit,1.00,1.00,8.000000,
DIR PRICE,99381000015510001,INR,,,false,no_rounding,0,active,per_item,false,Platform Scale,BENCHPCD,unit,1.00,1.00,2650.000000,
DIR PRICE,99381000015510001,INR,,,false,no_rounding,0,active,per_item,false,SS Platter 0.1MG,SP01,unit,1.00,1.00,250.000000,
DIR PRICE,99381000015510001,INR,,,false,no_rounding,0,active,per_item,false,Head Cover Top and Base PF PC(Q),HCTABP,unit,1.00,1.00,255.000000,
DIR PRICE,99381000015510001,INR,,,false,no_rounding,0,active,per_item,false,BENCH PC GREEN FRONT&BACK DISPLAY,BPGFBD,unit,1.00,1.00,260.000000,
DIR PRICE,99381000015510001,INR,,,false,no_rounding,0,active,per_item,false,DC Adapter (B3+),ADAPTE,unit,1.00,1.00,270.000000,
DIR PRICE,99381000015510001,INR,,,false,no_rounding,0,active,per_item,false,Q10ECS/LBL DISPLAY STICKER BACK,Q9751,unit,1.00,1.00,90.000000,
DIR PRICE,99381000015510001,INR,,,false,no_rounding,0,active,per_item,false,Government Stamping Fee / Expense for 600g,SF600,unit,1.00,1.00,485.000000,
DIR PRICE,99381000015510001,INR,,,false,no_rounding,0,active,per_item,false,MOTHER BOARD CCM-AL800,MBCA80,unit,1.00,1.00,1200.000000,
DIR PRICE,99381000015510001,INR,,,false,no_rounding,0,active,per_item,false,ECS5W INTERFACE BOARD,ECS812,unit,1.00,1.00,250.000000,
DIR PRICE,99381000015510001,INR,,,false,no_rounding,0,active,per_item,false,Bench PC Protection Dust Cover,BPC104,unit,1.00,1.00,35.000000,
DIR PRICE,99381000015510001,INR,,,false,no_rounding,0,active,per_item,false,Jwell Spare Box,JWELLS,unit,1.00,1.00,15000.000000,
DIR PRICE,99381000015510001,INR,,,false,no_rounding,0,active,per_item,false,HOPPER SENSOR CCM,CCM107,unit,1.00,1.00,145.000000,
DIR PRICE,99381000015510001,INR,,,false,no_rounding,0,active,per_item,false,Motherboard - PMS 45(RED),PMS45RED,unit,1.00,1.00,720.000000,
DIR PRICE,99381000015510001,INR,,,false,no_rounding,0,active,per_item,false,Q9LBL POLE CONNECTOR LOCK PLATE AND SCREW,Q9742,unit,1.00,1.00,75.000000,
DIR PRICE,99381000015510001,INR,,,false,no_rounding,0,active,per_item,false,Q9LBL DISPLAY STICKER FRONT OEM,Q9745,unit,1.00,1.00,90.000000,
DIR PRICE,99381000015510001,INR,,,false,no_rounding,0,active,per_item,false,Loadcell Trolley 800 Kg,LTK800,unit,1.00,1.00,2200.000000,
DIR PRICE,99381000015510001,INR,,,false,no_rounding,0,active,per_item,false,Q9LBL POLE CABLE CONNECTOR,Q9754,unit,1.00,1.00,250.000000,
DIR PRICE,99381000015510001,INR,,,false,no_rounding,0,active,per_item,false,Platform Weighing Scale 400x500 FSS,PFPC40X50DADFSS,unit,1.00,1.00,5300.000000,
DIR PRICE,99381000015510001,INR,,,false,no_rounding,0,active,per_item,false,BARCODE SCANNER PT - 198,PT198,unit,1.00,1.00,1750.000000,
DIR PRICE,99381000015510001,INR,,,false,no_rounding,0,active,per_item,false,Bill  Printing scale Q7,ECS4W,unit,1.00,1.00,10500.000000,
DIR PRICE,99381000015510001,INR,,,false,no_rounding,0,active,per_item,false,Courier Charges,COCS,unit,1.00,1.00,9.000000,
DIR PRICE,99381000015510001,INR,,,false,no_rounding,0,active,per_item,false,CCM DISPLAY UNIT FRONT,CCM101,unit,1.00,1.00,680.000000,
DIR PRICE,99381000015510001,INR,,,false,no_rounding,0,active,per_item,false,ECS4W SILICON PAD,ECS857,unit,1.00,1.00,120.000000,
DIR PRICE,99381000015510001,INR,,,false,no_rounding,0,active,per_item,false,Transformer 12V,TR12V,unit,1.00,1.00,95.000000,
DIR PRICE,99381000015510001,INR,,,false,no_rounding,0,active,per_item,false,PLATFORM SCALE-BENCH (G),YS50GY,unit,1.00,1.00,2400.000000,
DIR PRICE,99381000015510001,INR,,,false,no_rounding,0,active,per_item,false,Analytical Balance 200g/0.0001g -External,YSA204E,unit,1.00,1.00,21000.000000,
DIR PRICE,99381000015510001,INR,,,false,no_rounding,0,active,per_item,false,Bench PLT Display Front & Back,BPDFB,unit,1.00,1.00,245.000000,
DIR PRICE,99381000015510001,INR,,,false,no_rounding,0,active,per_item,false,Bench PLT SMPS,BENCH2,unit,1.00,1.00,90.000000,
DIR PRICE,99381000015510001,INR,,,false,no_rounding,0,active,per_item,false,JW Display & Motherboard Set,BS0501,unit,1.00,1.00,600.000000,
DIR PRICE,99381000015510001,INR,,,false,no_rounding,0,active,per_item,false,Motherboard- PMS 45(GREEN),MPG45,unit,1.00,1.00,745.000000,
DIR PRICE,99381000015510001,INR,,,false,no_rounding,0,active,per_item,false,Government Stamping Fee /Expense for 1mg,SF1MG,unit,1.00,1.00,485.000000,
DIR PRICE,99381000015510001,INR,,,false,no_rounding,0,active,per_item,false,ECS5W/Q10 OEM BACK DISPLAY STICKER (BLACK),ECS834,unit,1.00,1.00,90.000000,
DIR PRICE,99381000015510001,INR,,,false,no_rounding,0,active,per_item,false,B3P WEIGHING INDICATOR,B3PIND,unit,1.00,1.00,4900.000000,
DIR PRICE,99381000015510001,INR,,,false,no_rounding,0,active,per_item,false,Government Stamping Fee /Expense for 210g,SF210,unit,1.00,1.00,485.000000,
DIR PRICE,99381000015510001,INR,,,false,no_rounding,0,active,per_item,false,PLATFORM SCALE -BENCH (DUAL-AD3-Y),PSBDAY,unit,1.00,1.00,1900.000000,
DIR PRICE,99381000015510001,INR,,,false,no_rounding,0,active,per_item,false,ECS Indicator,ECSIND,unit,1.00,1.00,14000.000000,
DIR PRICE,99381000015510001,INR,,,false,no_rounding,0,active,per_item,false,Table Top Scale  250x300 M,TTSTDM,unit,1.00,1.00,1700.000000,
DIR PRICE,99381000015510001,INR,,,false,no_rounding,0,active,per_item,false,AC MOTOR CCM,CCM102,unit,1.00,1.00,580.000000,
DIR PRICE,99381000015510001,INR,,,false,no_rounding,0,active,per_item,false,ECS4W DISPLAY STICKER FRONT,ECS858,unit,1.00,1.00,75.000000,
DIR PRICE,99381000015510001,INR,,,false,no_rounding,0,active,per_item,false,FRC CABLE (14 PIN),14FRC,unit,1.00,1.00,310.000000,
DIR PRICE,99381000015510001,INR,,,false,no_rounding,0,active,per_item,false,Caster wheel for Trolly scale,TRLY02,unit,1.00,1.00,852.000000,
DIR PRICE,99381000015510001,INR,,,false,no_rounding,0,active,per_item,false,Analytical Balance 200g/0.0001g - Internal,YSA204I,unit,1.00,1.00,25000.000000,
DIR PRICE,99381000015510001,INR,,,false,no_rounding,0,active,per_item,false,Bench PLT Keypad,BPLT002,unit,1.00,1.00,245.000000,
DIR PRICE,99381000015510001,INR,,,false,no_rounding,0,active,per_item,false,Loadcell Cable(Meter),LCCABLEMTR,unit,1.00,1.00,25.000000,
DIR PRICE,99381000015510001,INR,,,false,no_rounding,0,active,per_item,false,Bench Scale Black  MS,BY5039,unit,1.00,1.00,1650.000000,
DIR PRICE,99381000015510001,INR,,,false,no_rounding,0,active,per_item,false,JW Loadcell 1 Kg,BS0502,unit,1.00,1.00,550.000000,
DIR PRICE,99381000015510001,INR,,,false,no_rounding,0,active,per_item,false,PLATFORM SCALE INDICATOR ABS XK3100-B3+,PFINDXK3100B3,unit,1.00,1.00,1200.000000,
DIR PRICE,99381000015510001,INR,,,false,no_rounding,0,active,per_item,false,Platform  Scale 50x60(Trolley),PF56TR,unit,1.00,1.00,7800.000000,
DIR PRICE,99381000015510001,INR,,,false,no_rounding,0,active,per_item,false,Q9LBL OEM BACK DISPLAY STICKER (BLACK),Q9746,unit,1.00,1.00,90.000000,
DIR PRICE,99381000015510001,INR,,,false,no_rounding,0,active,per_item,false,SPOS Standard,SPOSSW01,unit,1.00,1.00,1299.000000,
DIR PRICE,99381000015510001,INR,,,false,no_rounding,0,active,per_item,false,ATM PC SS,ATMFSS,unit,1.00,1.00,2400.000000,
DIR PRICE,99381000015510001,INR,,,false,no_rounding,0,active,per_item,false,ECS INDICATOR MOTHER BOARD,EIMB,unit,1.00,1.00,5900.000000,
DIR PRICE,99381000015510001,INR,,,false,no_rounding,0,active,per_item,false,CCM  - Value Counting Machine,AL66,unit,1.00,1.00,6750.000000,
DIR PRICE,99381000015510001,INR,,,false,no_rounding,0,active,per_item,false,Cash Box 5D ECS,ECSCD,unit,1.00,1.00,2600.000000,
DIR PRICE,99381000015510001,INR,,,false,no_rounding,0,active,per_item,false,Table Top Scale  220x170 ABS 6 Volt,TTABS6V,unit,1.00,1.00,1350.000000,
DIR PRICE,99381000015510001,INR,,,false,no_rounding,0,active,per_item,false,Metallic Keypad Cover Bench PC,BPC115,unit,1.00,1.00,110.000000,
DIR PRICE,99381000015510001,INR,,,false,no_rounding,0,active,per_item,false,ECS4W DISPLAY STICKER BACK,ECS859,unit,1.00,1.00,75.000000,
DIR PRICE,99381000015510001,INR,,,false,no_rounding,0,active,per_item,false,ALFA-SF,400A,unit,1.00,1.00,340.000000,
DIR PRICE,99381000015510001,INR,,,false,no_rounding,0,active,per_item,false,FRC CONNECTOR 14 PIN,CON14,unit,1.00,1.00,3.000000,
DIR PRICE,99381000015510001,INR,,,false,no_rounding,0,active,per_item,false,TROLLY WHEEL (CASTER WHEEL),TRLY03,unit,1.00,1.00,654.000000,
DIR PRICE,99381000015510001,INR,,,false,no_rounding,0,active,per_item,false,Platform Weighing Scale 30x34 SS,PFPC30X34SS,unit,1.00,1.00,2100.000000,
DIR PRICE,99381000015510001,INR,,,false,no_rounding,0,active,per_item,false,Bench PLT Motherboard,BENCHP,unit,1.00,1.00,180.000000,
DIR PRICE,99381000015510001,INR,,,false,no_rounding,0,active,per_item,false,ECS4W DUST COVER,ECS701,unit,1.00,1.00,165.000000,
DIR PRICE,99381000015510001,INR,,,false,no_rounding,0,active,per_item,false,FLOOR SCALE WITH INDICATOR,DY8037,unit,1.00,1.00,12800.000000,
DIR PRICE,99381000015510001,INR,,,false,no_rounding,0,active,per_item,false,Loadcell 3 Kg LAK,BS0503,unit,1.00,1.00,610.000000,
DIR PRICE,99381000015510001,INR,,,false,no_rounding,0,active,per_item,false,Trolley Loadcell,TRLY04,unit,1.00,1.00,2175.000000,
DIR PRICE,99381000015510001,INR,,,false,no_rounding,0,active,per_item,false,Q9LBL OEM FRONT DISPLAY STICKER (BLACK),Q9747,unit,1.00,1.00,90.000000,
DIR PRICE,99381000015510001,INR,,,false,no_rounding,0,active,per_item,false,SPOS Premium,SPOSSW02,unit,1.00,1.00,2099.000000,
DIR PRICE,99381000015510001,INR,,,false,no_rounding,0,active,per_item,false,ECS PRINTER DOOR,ESC828,unit,1.00,1.00,170.000000,
DIR PRICE,99381000015510001,INR,,,false,no_rounding,0,active,per_item,false,Cordwire 2pin L type,ECS828,unit,1.00,1.00,390.000000,
DIR PRICE,99381000015510001,INR,,,false,no_rounding,0,active,per_item,false,CCM SPARE,CCMSPARE,unit,1.00,1.00,1000.000000,
DIR PRICE,99381000015510001,INR,,,false,no_rounding,0,active,per_item,false,Table Top Chottu 4v,CH4VSF,unit,1.00,1.00,1225.000000,
DIR PRICE,99381000015510001,INR,,,false,no_rounding,0,active,per_item,false,Government Stamping Fee / Expense for 500kg,SF500,unit,1.00,1.00,565.000000,
DIR PRICE,99381000015510001,INR,,,false,no_rounding,0,active,per_item,false,Load Cell 130 KG,BPC118,unit,1.00,1.00,220.000000,
DIR PRICE,99381000015510001,INR,,,false,no_rounding,0,active,per_item,false,ECS4W KEYBOARD STICKER,ECS860,unit,1.00,1.00,150.000000,
DIR PRICE,99381000015510001,INR,,,false,no_rounding,0,active,per_item,false,EQUAL-UIP 57 White,UIP57,unit,1.00,1.00,950.000000,
DIR PRICE,99381000015510001,INR,,,false,no_rounding,0,active,per_item,false,AC Cord wire 2pin(3 yrad),CW2X3,unit,1.00,1.00,45.000000,
DIR PRICE,99381000015510001,INR,,,false,no_rounding,0,active,per_item,false,Bill Printing scale Q11,ECSQ11,unit,1.00,1.00,12250.000000,
DIR PRICE,99381000015510001,INR,,,false,no_rounding,0,active,per_item,false,Platform Weighing Scale 40X50 SS,PFPC40X50SS,unit,1.00,1.00,6500.000000,
DIR PRICE,99381000015510001,INR,,,false,no_rounding,0,active,per_item,false,PlatformLoadcell 350kg,PLC350,unit,1.00,1.00,360.000000,
DIR PRICE,99381000015510001,INR,,,false,no_rounding,0,active,per_item,false,ECS4W WEIGH PAN,ECS702,unit,1.00,1.00,400.000000,
DIR PRICE,99381000015510001,INR,,,false,no_rounding,0,active,per_item,false,Government Stamping Fee /Expense for 150Kg,SF150,unit,1.00,1.00,485.000000,
DIR PRICE,99381000015510001,INR,,,false,no_rounding,0,active,per_item,false,JW Cabinet Base,BS0504,unit,1.00,1.00,390.000000,
DIR PRICE,99381000015510001,INR,,,false,no_rounding,0,active,per_item,false,SPOS Smart scale support,SPOSSW09,unit,1.00,1.00,849.000000,
DIR PRICE,99381000015510001,INR,,,false,no_rounding,0,active,per_item,false,Motherboard PF PC(Q),MPPQ,unit,1.00,1.00,180.000000,
DIR PRICE,99381000015510001,INR,,,false,no_rounding,0,active,per_item,false,Label printing scale,HGLBL,unit,1.00,1.00,29500.000000,
DIR PRICE,99381000015510001,INR,,,false,no_rounding,0,active,per_item,false,BY Weighing PAN for Bench(BY5039E),BY012,unit,1.00,1.00,250.000000,
DIR PRICE,99381000015510001,INR,,,false,no_rounding,0,active,per_item,false,IND 202 KEYPAD,IK202,unit,1.00,1.00,110.000000,
DIR PRICE,99381000015510001,INR,,,false,no_rounding,0,active,per_item,false,Q9LBL PRINTER GEAR LOCK,Q9739,unit,1.00,1.00,30.000000,
DIR PRICE,99381000015510001,INR,,,false,no_rounding,0,active,per_item,false,ECS/LBL PRINTER CABLE,ECS832,unit,1.00,1.00,100.000000,
DIR PRICE,99381000015510001,INR,,,false,no_rounding,0,active,per_item,false,YS 50G Dustcover,YD50,unit,1.00,1.00,65.000000,
DIR PRICE,99381000015510001,INR,,,false,no_rounding,0,active,per_item,false,BS220+,BS220,unit,1.00,1.00,4689.300000,
DIR PRICE,99381000015510001,INR,,,false,no_rounding,0,active,per_item,false,Platform Weighing Scale 600x800 MS (Trolley),PFPC600X800MS,unit,1.00,1.00,15000.000000,
DIR PRICE,99381000015510001,INR,,,false,no_rounding,0,active,per_item,false,Government Stamping Fee /Expense for 200Kg,SF200,unit,1.00,1.00,485.000000,
DIR PRICE,99381000015510001,INR,,,false,no_rounding,0,active,per_item,false,Platform Weighing Scale 420x520 SS,PFPC420X520SS,unit,1.00,1.00,5500.000000,
DIR PRICE,99381000015510001,INR,,,false,no_rounding,0,active,per_item,false,ECS4W BODY SET,ECS855,unit,1.00,1.00,1000.000000,
DIR PRICE,99381000015510001,INR,,,false,no_rounding,0,active,per_item,false,Display Board Green ( 6 LED),DISGR6,unit,1.00,1.00,55.000000,
DIR PRICE,99381000015510001,INR,,,false,no_rounding,0,active,per_item,false,Label Printing Scale Merc,LPS7,unit,1.00,1.00,28000.000000,
DIR PRICE,99381000015510001,INR,,,false,no_rounding,0,active,per_item,false,ELECTRONIC PLATFORM SCALE,PLT4050,unit,1.00,1.00,3500.000000,
DIR PRICE,99381000015510001,INR,,,false,no_rounding,0,active,per_item,false,RED LED DOUBLE DISPLAY INDICATOR,1802INDICATORR,unit,1.00,1.00,660.000000,
DIR PRICE,99381000015510001,INR,,,false,no_rounding,0,active,per_item,false,Li Battery Adaptor,QPFPC010,unit,1.00,1.00,90.000000,
DIR PRICE,99381000015510001,INR,,,false,no_rounding,0,active,per_item,false,PALLET SCALE,PSC,unit,1.00,1.00,24500.000000,
DIR PRICE,99381000015510001,INR,,,false,no_rounding,0,active,per_item,false,BY Weighing PAN for ATMPCP & ATMPCW,BY013,unit,1.00,1.00,260.000000,
DIR PRICE,99381000015510001,INR,,,false,no_rounding,0,active,per_item,false,IND 202 DISPLAY,ID202,unit,1.00,1.00,130.000000,
DIR PRICE,99381000015510001,INR,,,false,no_rounding,0,active,per_item,false,Q9LBL PRINT HEAD LOCK BOTTOM SENSOR,Q9741,unit,1.00,1.00,350.000000,
DIR PRICE,99381000015510001,INR,,,false,no_rounding,0,active,per_item,false,SS ADAPTOR 0.1MG,SA01,unit,1.00,1.00,270.000000,
DIR PRICE,99381000015510001,INR,,,false,no_rounding,0,active,per_item,false,SCANGLE - THERMAL PRINTER WITH WIFI,XP350BW,unit,1.00,1.00,4500.000000,
DIR PRICE,99381000015510001,INR,,,false,no_rounding,0,active,per_item,false,ATMWPC white Dust Cover,ATMWDC,unit,1.00,1.00,65.000000,
DIR PRICE,99381000015510001,INR,,,false,no_rounding,0,active,per_item,false,PORTABLE SCALE 30X40 BACK DISPLAY,PSDGQ001,unit,1.00,1.00,370.000000,
DIR PRICE,99381000015510001,INR,,,false,no_rounding,0,active,per_item,false,Bench Scale SS AD,BPCFSS,unit,1.00,1.00,3900.000000,
DIR PRICE,99381000015510001,INR,,,false,no_rounding,0,active,per_item,false,BLUETOOTH PARCEL SCALE,BLUETOOTHPARCELSCALE,unit,1.00,1.00,3834.600000,
DIR PRICE,99381000015510001,INR,,,false,no_rounding,0,active,per_item,false,Table Top Scale SF 220x170 20kg/2g,TT220X170ABS,unit,1.00,1.00,975.000000,
DIR PRICE,99381000015510001,INR,,,false,no_rounding,0,active,per_item,false,Government Stamping Fee /Expense for 300kg,SF300,unit,1.00,1.00,565.000000,
DIR PRICE,99381000015510001,INR,,,false,no_rounding,0,active,per_item,false,ECS5W DUST COVER,ECS819,unit,1.00,1.00,100.000000,
DIR PRICE,99381000015510001,INR,,,false,no_rounding,0,active,per_item,false,ECS4W POLE,ECS856,unit,1.00,1.00,350.000000,
DIR PRICE,99381000015510001,INR,,,false,no_rounding,0,active,per_item,false,Motherboard PMS 63,MP63,unit,1.00,1.00,240.000000,
DIR PRICE,99381000015510001,INR,,,false,no_rounding,0,active,per_item,false,DHL FREIGHT CHARGES,FREIGHTDHL,unit,1.00,1.00,1.000000,
DIR PRICE,99381000015510001,INR,,,false,no_rounding,0,active,per_item,false,ELECTRONIC PLATFORM SCALE-100kg,BEN30X40MSBR,unit,1.00,1.00,1500.000000,
DIR PRICE,99381000015510001,INR,,,false,no_rounding,0,active,per_item,false,Government Stamping Fee / Expense for 50kg/100Kg,SF50100,unit,1.00,1.00,485.000000,
DIR PRICE,99381000015510001,INR,,,false,no_rounding,0,active,per_item,false,Li Battery,LIBATT,unit,1.00,1.00,120.000000,
DIR PRICE,99381000015510001,INR,,,false,no_rounding,0,active,per_item,false,PLATFORM SCALE - BENCH(O),YS50GO,unit,1.00,1.00,2400.000000,
DIR PRICE,99381000015510001,INR,,,false,no_rounding,0,active,per_item,false,BY Front/Rear Housing for Indicator DY5037,BY014,unit,1.00,1.00,290.000000,
DIR PRICE,99381000015510001,INR,,,false,no_rounding,0,active,per_item,false,"SCANGLE - POS TERMINAL SGT-664 i5 15""",SGT664I515,unit,1.00,1.00,33150.000000,
DIR PRICE,99381000015510001,INR,,,false,no_rounding,0,active,per_item,false,Government Stamping Fee /Expense for 600g,SF600G,unit,1.00,1.00,485.000000,
DIR PRICE,99381000015510001,INR,,,false,no_rounding,0,active,per_item,false,Envelope,EVV,unit,1.00,1.00,1.000000,
DIR PRICE,99381000015510001,INR,,,false,no_rounding,0,active,per_item,false,IRON SEALING MACHINE 30CM,SM30,unit,1.00,1.00,1290.000000,
DIR PRICE,99381000015510001,INR,,,false,no_rounding,0,active,per_item,false,Government Stamping Fee /Expense for 5 kg,SF05,unit,1.00,1.00,320.000000,
DIR PRICE,99381000015510001,INR,,,false,no_rounding,0,active,per_item,false,TABLE TOP WITH BLUETOOTH,TTWB,unit,1.00,1.00,2000.000000,
DIR PRICE,99381000015510001,INR,,,false,no_rounding,0,active,per_item,false,Platform 1.2mx1.2m,PLT1200,unit,1.00,1.00,15000.000000,
DIR PRICE,99381000015510001,INR,,,false,no_rounding,0,active,per_item,false,Government Stamping Fee / Expense for 15kg,SF15,unit,1.00,1.00,535.000000,
DIR PRICE,99381000015510001,INR,,,false,no_rounding,0,active,per_item,false,TRIPOLE STAND SET,TRIPOLESTAND,unit,1.00,1.00,500.000000,
DIR PRICE,99381000015510001,INR,,,false,no_rounding,0,active,per_item,false,Government Stamping Fee / Expense for 20 KG,SF20,unit,1.00,1.00,320.000000,
DIR PRICE,99381000015510001,INR,,,false,no_rounding,0,active,per_item,false,Government Stamping Fee /Expense for 0.1mg,SF01MG,unit,1.00,1.00,485.000000,
DIR PRICE,99381000015510001,INR,,,false,no_rounding,0,active,per_item,false,Platform Scale Full SS,YS5010SS,unit,1.00,1.00,4200.000000,
DIR PRICE,99381000015510001,INR,,,false,no_rounding,0,active,per_item,false,CHICKEN SCALE 50KG SS,CS250X250SS,unit,1.00,1.00,2250.000000,
DIR PRICE,99381000015510001,INR,,,false,no_rounding,0,active,per_item,false,TABLE TOP ABS (VIBRANT),VIBRANT300X240ABS,unit,1.00,1.00,1800.000000,
DIR PRICE,99381000015510001,INR,,,false,no_rounding,0,active,per_item,false,GLASS ELECTRONIC PERSONAL SCALE,EB8020,unit,1.00,1.00,660.000000,
DIR PRICE,99381000015510001,INR,,,false,no_rounding,0,active,per_item,false,Price Computing Scale YS889,YS889,unit,1.00,1.00,0.000000,
DIR PRICE,99381000015510001,INR,,,false,no_rounding,0,active,per_item,false,KITCHEN  SCALE,MK2003,unit,1.00,1.00,450.000000,
DIR PRICE,99381000015510001,INR,,,false,no_rounding,0,active,per_item,false,BATTERY 4V 4.5AH UPLUS,BU445,unit,1.00,1.00,195.000000,
DIR PRICE,99381000015510001,INR,,,false,no_rounding,0,active,per_item,false,Q9LBL PRINTER PART BUSH,Q9753,unit,1.00,1.00,100.000000,
DIR PRICE,99381000015510001,INR,,,false,no_rounding,0,active,per_item,false,ECS5W BLACK PAN (UNDER SS PAN),ECS841,unit,1.00,1.00,320.000000,
DIR PRICE,99381000015510001,INR,,,false,no_rounding,0,active,per_item,false,Label Printing scale Q8LBL,Q8LBL,unit,1.00,1.00,16600.000000,
DIR PRICE,99381000015510001,INR,,,false,no_rounding,0,active,per_item,false,Platform Weighing Scale  400x500 SS,PFPC400X500SS,unit,1.00,1.00,4200.000000,
DIR PRICE,99381000015510001,INR,,,false,no_rounding,0,active,per_item,false,Motherboard ATM PC Waterproof,WPC402,unit,1.00,1.00,150.000000,
DIR PRICE,99381000015510001,INR,,,false,no_rounding,0,active,per_item,false,FLOOR SCALE INDICATOR WITH EXTRA DISPLAY,K12IND,unit,1.00,1.00,1250.000000,
DIR PRICE,99381000015510001,INR,,,false,no_rounding,0,active,per_item,false,ECS5W DISPLAY STICKER FRONT,ECS823,unit,1.00,1.00,90.000000,
DIR PRICE,99381000015510001,INR,,,false,no_rounding,0,active,per_item,false,CHOTTU 40KG LOAD CELL,CH606,unit,1.00,1.00,130.000000,
DIR PRICE,99381000015510001,INR,,,false,no_rounding,0,active,per_item,false,Loadcell 750 kg 25 x35 4 HOLE,LC750KG25X35,unit,1.00,1.00,600.000000,
DIR PRICE,99381000015510001,INR,,,false,no_rounding,0,active,per_item,false,Government Stamping Fee /Expense for 3000Kg,SF3000,unit,1.00,1.00,980.000000,
DIR PRICE,99381000015510001,INR,,,false,no_rounding,0,active,per_item,false,LUGGAGE SCALE,EP3004,unit,1.00,1.00,240.000000,
DIR PRICE,99381000015510001,INR,,,false,no_rounding,0,active,per_item,false,Shear Beam Loadcell Imported 2000kg,SBLI20,unit,1.00,1.00,500.000000,
DIR PRICE,99381000015510001,INR,,,false,no_rounding,0,active,per_item,false,Indicator,IND202,unit,1.00,1.00,1000.000000,
DIR PRICE,99381000015510001,INR,,,false,no_rounding,0,active,per_item,false,LABEL PRINTING SCALE Q10,Q10LBL,unit,1.00,1.00,15500.000000,
DIR PRICE,99381000015510001,INR,,,false,no_rounding,0,active,per_item,false,BY Front/Rear Housing for Bench,BY010,unit,1.00,1.00,240.000000,
DIR PRICE,99381000015510001,INR,,,false,no_rounding,0,active,per_item,false,ATM JUNIOR Back Display Board(GREEN),AJBDBG,unit,1.00,1.00,110.000000,
DIR PRICE,99381000015510001,INR,,,false,no_rounding,0,active,per_item,false,Q9LBL PRINTER PAPER HEIGHT ADJUSTER,Q9737,unit,1.00,1.00,25.000000,
DIR PRICE,99381000015510001,INR,,,false,no_rounding,0,active,per_item,false,ECS INDICATOR DISPALY STICKER,EIDS,unit,1.00,1.00,125.000000,
DIR PRICE,99381000015510001,INR,,,false,no_rounding,0,active,per_item,false,"POS Terminal 15.6"" Android",668A156,unit,1.00,1.00,20955.000000,
DIR PRICE,99381000015510001,INR,,,false,no_rounding,0,active,per_item,false,PCB PALLET SCALE(YCS),PPSY,unit,1.00,1.00,450.000000,
DIR PRICE,99381000015510001,INR,,,false,no_rounding,0,active,per_item,false,SPOS Multi shop support,SPOSSW12,unit,1.00,1.00,849.000000,
DIR PRICE,99381000015510001,INR,,,false,no_rounding,0,active,per_item,false,Analytical Balance 220g /0.1mg,BSM2204,unit,1.00,1.00,21500.000000,
DIR PRICE,99381000015510001,INR,,,false,no_rounding,0,active,per_item,false,Platform Weighing Scale 450x600 SS,PF4560,unit,1.00,1.00,5500.000000,
DIR PRICE,99381000015510001,INR,,,false,no_rounding,0,active,per_item,false,Keyboard ATM PC Waterproof,WPC405,unit,1.00,1.00,130.000000,
DIR PRICE,99381000015510001,INR,,,false,no_rounding,0,active,per_item,false,SMPS 20V TMA,Q8604,unit,1.00,1.00,1400.000000,
DIR PRICE,99381000015510001,INR,,,false,no_rounding,0,active,per_item,false,ECS5W DISPLAY STICKER BACK,ECS824,unit,1.00,1.00,90.000000,
DIR PRICE,99381000015510001,INR,,,false,no_rounding,0,active,per_item,false,BODY SET CHOTTU,CH607,unit,1.00,1.00,350.000000,
DIR PRICE,99381000015510001,INR,,,false,no_rounding,0,active,per_item,false,Loadcell 1000 kg 25 x35 4 HOLE,LC1000KG25X35,unit,1.00,1.00,600.000000,
DIR PRICE,99381000015510001,INR,,,false,no_rounding,0,active,per_item,false,YS 50G Lock Spring,BPC124,unit,1.00,1.00,30.000000,
DIR PRICE,99381000015510001,INR,,,false,no_rounding,0,active,per_item,false,SPOS Subscription Upgrade (Standard to Premium),SPOSSW13,unit,1.00,1.00,700.000000,
DIR PRICE,99381000015510001,INR,,,false,no_rounding,0,active,per_item,false,Analytical Balance 220g/1 mg,BSM2203,unit,1.00,1.00,9900.000000,
DIR PRICE,99381000015510001,INR,,,false,no_rounding,0,active,per_item,false,Platform Scale 60x60,PF60MS,unit,1.00,1.00,4900.000000,
DIR PRICE,99381000015510001,INR,,,false,no_rounding,0,active,per_item,false,Government Stamping Fee /Expense for 10 kg,SF10,unit,1.00,1.00,320.000000,
DIR PRICE,99381000015510001,INR,,,false,no_rounding,0,active,per_item,false,Platform Weighing Scale 400x400 MS,PFPC400X400MS,unit,1.00,1.00,3700.000000,
DIR PRICE,99381000015510001,INR,,,false,no_rounding,0,active,per_item,false,ECS5W KEYBOARD STICKER,ECS825,unit,1.00,1.00,160.000000,
DIR PRICE,99381000015510001,INR,,,false,no_rounding,0,active,per_item,false,ECS5W / TMAQ9 Dot Matrix display,ECS826,unit,1.00,1.00,750.000000,
DIR PRICE,99381000015510001,INR,,,false,no_rounding,0,active,per_item,false,Display Board Red ( 6  LED),DBRL6,unit,1.00,1.00,45.000000,
DIR PRICE,99381000015510001,INR,,,false,no_rounding,0,active,per_item,false,"Label Printing Scale - Smart 4.3""",LPS43,unit,1.00,1.00,23500.000000,
DIR PRICE,99381000015510001,INR,,,false,no_rounding,0,active,per_item,false,DIGITAL KITCHEN SCALE -10Kg,EK6003,unit,1.00,1.00,425.000000,
DIR PRICE,99381000015510001,INR,,,false,no_rounding,0,active,per_item,false,ELECTRONIC PLATFORM SCALE (G),PLTPC400X500MSGREEN,unit,1.00,1.00,3600.000000,
DIR PRICE,99381000015510001,INR,,,false,no_rounding,0,active,per_item,false,ECONOMIC BENCH MS (B),BY5039EB,unit,1.00,1.00,1650.000000,
DIR PRICE,99381000015510001,INR,,,false,no_rounding,0,active,per_item,false,Platform Scale 40x50,PF4050SS,unit,1.00,1.00,6500.000000,
DIR PRICE,99381000015510001,INR,,,false,no_rounding,0,active,per_item,false,BY Weighing PAN for Bench(YS5010SS),BY011,unit,1.00,1.00,450.000000,
DIR PRICE,99381000015510001,INR,,,false,no_rounding,0,active,per_item,false,YESWEIGH BAG,BAG,unit,1.00,1.00,0.000000,
DIR PRICE,99381000015510001,INR,,,false,no_rounding,0,active,per_item,false,Q9LBL LABEL OUT SENSOR COVER,Q9738,unit,1.00,1.00,120.000000,
DIR PRICE,99381000015510001,INR,,,false,no_rounding,0,active,per_item,false,ECS/LBL DISPLAY CABLE (45CM),ECS833,unit,1.00,1.00,175.000000,
DIR PRICE,99381000015510001,INR,,,false,no_rounding,0,active,per_item,false,CURRENCY COUNTING MACHINE (AL800),AL80,unit,1.00,1.00,3500.000000,
