Shipment ID,Packing Number,Shipment Date,Shipment Number,Status,Shipment Type,Carrier Name,Tracking Number,Shipping Charge,Sales Order ID,Expected Delivery Date,Delivery Date,Notes,Created Time,Last Modified Time,SO Number,Customer Name,Shipping Address,Shipping Street2,Shipping City,Shipping State,Shipping Country,Shipping Code,Shipping Fax,Shipping Phone,shipping_attention
99381000000117049,Manjeri,2019-07-04,Nil,delivered,Manual Shipment,aps,,0.000,99381000000112185,,,,2019-07-04 17:49:29,2019-07-23 16:24:03,SO-00020,MEEZAN ELECTRONIC SCALES PRIVATE LIMITED,"8/308A Meezan Tower 
Calicut Road , Manjeri",,MANJERI,Kerala,India,676121,,,Riyas
99381000000221019,PKG-00002,2019-07-30,SHP-SO-00051,delivered,Manual Shipment,aps,,0.000,99381000000170425,,,,2019-08-26 22:52:19,2019-08-26 22:52:19,SO-00051,MEEZAN ELECTRONIC SCALES PRIVATE LIMITED,"8/308A Meezan Tower 
Calicut Road , Manjeri",,MANJERI,Kerala,India,676121,,,Riyas
99381000000221058,PKG-00003,2019-07-31,SHP-SO-00052,delivered,Manual Shipment,aps,,0.000,99381000000170580,,,,2019-08-26 22:52:19,2019-08-26 22:52:19,SO-00052,ELMASS SYSTEMS & SERVICES,"Elmass System & Services
Moonlight House, Lissie Jn
Ernakulam",,Ernakulam,Kerala,India,682018,,,
99381000000221089,PKG-00004,2019-07-30,SHP-SO-00050,delivered,Manual Shipment,aps,,0.000,99381000000172213,,,,2019-08-26 22:52:19,2019-08-26 22:52:19,SO-00050,UNITECH WEIGHING SYSTEM,,,,,,,,,
99381000000221118,PKG-00005,2019-07-31,SHP-SO-00053,delivered,Manual Shipment,aps,,0.000,99381000000172871,,,,2019-08-26 22:52:20,2019-08-26 22:52:20,SO-00053,ELMASS SYSTEMS & SERVICES,"Elmass System & Services
Moonlight House, Lissie Jn
Ernakulam",,Ernakulam,Kerala,India,682018,,,
99381000000221149,PKG-00006,2019-08-01,SHP-SO-00054,delivered,Manual Shipment,aps,,0.000,99381000000175035,,,,2019-08-26 22:52:20,2019-08-26 22:52:20,SO-00054,S&S WEIGHING SYSTEM,Neelima Complex,"Mangattukavala,Todupuzha Easst PO",Idukki,kerala,India,,,,
99381000000221180,PKG-00007,2019-08-01,SHP-SO-00055,delivered,Manual Shipment,aps,,0.000,99381000000177009,,,,2019-08-26 22:52:20,2019-08-26 22:52:20,SO-00055,S&S WEIGHING SYSTEM,Neelima Complex,"Mangattukavala,Todupuzha Easst PO",Idukki,kerala,India,,,,
99381000000221215,PKG-00008,2019-08-03,SHP-SO-00056,delivered,Manual Shipment,aps,,0.000,99381000000182001,,,,2019-08-26 22:52:20,2019-08-26 22:52:20,SO-00056,SANIA SYSTEMS,"No. 2 & 3, Malabar Plaza Opp M.N. Technical College","K. G. Halli, Abbigere Main Road
Jalahalli West Bangaluru - 560015",Bangaluru,Karnataka,,560015,,9036133533,Mr. Shaji
99381000000221248,PKG-00009,2019-08-03,SHP-SO-00057,delivered,Manual Shipment,aps,,0.000,99381000000182018,,,,2019-08-26 22:52:21,2019-08-26 22:52:21,SO-00057,UNITECH WEIGHING SYSTEM,Pullathil Building,Adichira,Kottayam,Kerala,,686028,,9947550783,
99381000000221281,PKG-00010,2019-08-04,SHP-SO-00058,delivered,Manual Shipment,aps,,0.000,99381000000183522,,,,2019-08-26 22:52:21,2019-08-26 22:52:21,SO-00058,DIGITAL SCALE,"Near Stadium,",Mukkam Road,Aeekode,kerala,,673739,,,
99381000000221308,PKG-00011,2019-08-05,SHP-SO-00059,delivered,Manual Shipment,aps,,0.000,99381000000186146,,,,2019-08-26 22:52:21,2019-08-26 22:52:21,SO-00059,MEEZAN ELECTRONIC SCALES PRIVATE LIMITED,"8/308A Meezan Tower 
Calicut Road , Manjeri",,MANJERI,Kerala,India,676121,,,Riyas
99381000000221345,PKG-00012,2019-08-07,SHP-SO-00062,delivered,Manual Shipment,aps,,0.000,99381000000190107,,,,2019-08-26 22:52:21,2019-08-26 22:52:21,SO-00062,METRO ENTERPRISES,"V.K. Building, Kodathippadi",Mannarkad,Palakkad,Kerala,,678582,,9447922223,
99381000000221390,PKG-00013,2019-08-08,SHP-SO-00063,delivered,Manual Shipment,aps,,0.000,99381000000191472,,,,2019-08-26 22:52:21,2019-08-26 22:52:21,SO-00063,Thrass World Waynad,"Room No 15/131-T,Noorul Islam Complex","Beenachi, Sulthan Batheri",Waynad,Kerala,India,673593,,,
99381000000221423,PKG-00014,2019-08-13,SHP-SO-00065,delivered,Manual Shipment,aps,,0.000,99381000000197007,,,,2019-08-26 22:52:22,2019-08-26 22:52:22,SO-00065,ACE ELECTRONICS,"Akai tower ,
Near Tali Temple 
Thali ,Calicut",,Calicut,Kerala,India,673002,,,
99381000000221456,PKG-00015,2019-08-14,SHP-SO-00067,delivered,Manual Shipment,aps,,0.000,99381000000197046,,,,2019-08-26 22:52:22,2019-08-26 22:52:22,SO-00067,MICRO WEIGHING SYSTEMS,Main Road Mudavoorpara,"Balaramapuram,",Trivandrum,Kerala,India,695501,,04712400926,
99381000000221489,PKG-00016,2019-08-14,SHP-SO-00068,delivered,Manual Shipment,aps,,0.000,99381000000197064,,,,2019-08-26 22:52:22,2019-08-26 22:52:22,SO-00068,ACCURATE TRADE LINKS,Future Centre,Ottukuzhi Road,Trivandrum,Kerala,India,695001,,,Harish
99381000000221528,PKG-00017,2019-08-15,SHP-SO-00070,delivered,Manual Shipment,aps,,0.000,99381000000201624,,,,2019-08-26 22:52:22,2019-08-26 22:52:22,SO-00070,MILLI MEASUREMENTS,"PP-20/14, NISHA FLOUR MILL BUILDING","PANANGAD, BALUSSERY,",KOZHIKODE,Kerala,India,673612,,9656119575,MILLI MEASUREMENTS
99381000000221567,PKG-00018,2019-08-15,SHP-SO-00071,delivered,Manual Shipment,aps,,0.000,99381000000202019,,,,2019-08-26 22:52:23,2019-08-26 22:52:23,SO-00071,MARVEL ELECTRONICS,"1/662 - A1, Henry Electrical Building","Byju Road, Kunnamkulam",Thrissur,Kerala,,680503,,,
99381000000221596,PKG-00019,2019-08-16,SHP-SO-00072,delivered,Manual Shipment,aps,,0.000,99381000000202266,,,,2019-08-26 22:52:23,2019-08-26 22:52:23,SO-00072,ACCURATE TRADE LINKS,Future Centre,Ottukuzhi Road,Trivandrum,Kerala,India,695001,,,Harish
99381000000221621,PKG-00020,2019-08-20,SHP-SO-00076,delivered,Manual Shipment,aps,,0.000,99381000000205759,,,,2019-08-26 22:52:23,2019-08-26 22:52:23,SO-00076,EXATA BALANCE CO,"Muringathazham Road, Vattappara",Valanchery,Malappuram,Kerala,India,676552,,9961858453,Mr. Hisham
99381000000221646,PKG-00021,2019-08-20,SHP-SO-00074,delivered,Manual Shipment,aps,,0.000,99381000000208197,,,,2019-08-26 22:52:23,2019-08-26 22:52:23,SO-00074,EXATA BALANCE CO,"Thrass india ,",Near tali temple,Kozhikode,Kerala,,,,,Mr.jyothish
99381000000221679,PKG-00022,2019-08-20,SHP-SO-00075,delivered,Manual Shipment,aps,,0.000,99381000000208388,,,,2019-08-26 22:52:24,2019-08-26 22:52:24,SO-00075,MALABAR SCALES- Thirssur,"Garden Complex,2nd floor",Near Govt Hospital,"Kodugallur,Thrissur",Kerala,,680664,,,
99381000000221712,PKG-00023,2019-08-21,SHP-SO-00077,delivered,Manual Shipment,aps,,0.000,99381000000208498,,,,2019-08-26 22:52:24,2019-08-26 22:52:24,SO-00077,TRANSWORLD SCALES SERVICES,Transworld Scales Services,Beach Road,Kollam,Kerala,India,691001,,04742742381,
99381000000221745,PKG-00024,2019-08-22,SHP-SO-00078,delivered,Manual Shipment,aps,,0.000,99381000000208553,,,,2019-08-26 22:52:24,2019-08-26 22:52:24,SO-00078,ADWITHI AUTOMATION,"9/145 - A1 GN Complex, Bye Pass Road",Kuttanellur P.O.,Thrissur,Kerala,India,680014,,8289899411,
99381000000221772,PKG-00025,2019-08-22,SHP-SO-00080,delivered,Manual Shipment,aps,,0.000,99381000000212514,,,,2019-08-26 22:52:24,2019-08-26 22:52:24,SO-00080,UNITECH WEIGHING SYSTEM,Pullathil Building,Adichira,Kottayam,Kerala,,686028,,9947550783,
99381000000221797,PKG-00026,2019-08-23,SHP-SO-00081,delivered,Manual Shipment,aps,,0.000,99381000000214040,,,,2019-08-26 22:52:24,2019-08-26 22:52:24,SO-00081,UNITECH WEIGHING SYSTEM,Pullathil Building,Adichira,Kottayam,Kerala,,686028,,9947550783,
